escuela,sexo,edad,direccion,tamano_familia,estado_padres,educ_madre,educ_padre,trabajo_madre,trabajo_padre,razon_eleccion,tutor,tiempo_viaje,tiempo_estudio,suspensos_previos,apoyo_escolar,apoyo_familiar,clases_extra_pagadas,actividades,guarderia,quiere_universidad,internet,relacion_pareja,relacion_familiar,tiempo_libre,salir_amigos,alcohol_finde,salud,faltas,G1,G2,G3
IES_Cervantes,F,22.0,Urbana,LE3,Juntos,3,3,sanidad,hogar,otro,madre,1,2.0,0,no,no,no,si,no,si,si,no,4.0,4,1,4.0,4,0.0,13.0,14.0,14.0
IES_Cervantes,M,19.0,Urbana,GT3,Juntos,3,4,profesora,profesor,reputacion,madre,1,4.0,0,si, si ,si,si,no,si,no,si,1.0,3,2,2.0,1,8.0,12.0,11.0,12.0
IES_Lorca,M,21.0,Urbana,GT3,Juntos,4,1,hogar,servicios,otro,padre,1,,0,no,si,si,si,si,si,si,no,1.0,4,3,1.0,3,0.0,11.0,13.0,13.0
IES_Cervantes,F,20.0,Rural,GT3,Juntos,4,4,hogar,profesor,cursos,otro,2,2.0,0,no,si,no,si,si,si,no,no,3.0,4,2,4.0,5,0.0,12.0,12.0,13.0
IES_Lorca,F,20.0,Urbana,GT3,Juntos,2,2,servicios,profesor,cursos,madre,2,1.0,0,no,no,si,si,si,si,no,si,5.0,4,5,2.0,4,3.0,11.0,12.0,12.0
IES_Lorca,M,19.0,Rural,LE3,Juntos,2,2,profesora,otro,otro,madre,1,3.0,0,no,si,no,si,si,si,si,si,4.0,4,2,1.0,5,6.0,15.0,14.0,15.0
IES_Cervantes,M,18.0,Rural,LE3,Juntos,2,4,servicios,sanidad,cerca_casa,madre,1,2.0,0,no,si,si,no,si,si,si,no,3.0,2,5,1.0,3,7.0,13.0,13.0,13.0
IES_Cervantes,F,40.0,Urbana,GT3,Juntos,1,2,servicios,servicios,otro,madre,3,2.0,0,no,no,si,si,si,si,si,si,2.0,3,4,1.0,2,0.0,11.0,13.0,13.0
IES_Cervantes,F,15.0,Urbana,GT3,Juntos,2,1,hogar,sanidad,reputacion,otro,1,1.0,0,si,,no,si,si,si,si,si,5.0,5,4,2.0,4,9.0,8.0,7.0,6.0
IES_Cervantes,M,18.0,Urbana,GT3,Juntos,3,2,otro,otro,reputacion,otro,3,4.0,0,no,,no,si,si,si,si,si,4.0,2,3,1.0,3,,13.0,13.0,13.0
IES_Lorca,F,20.0,Urbana,GT3,Separados,4,4,otro,otro,otro,otro,1,1.0,0,no,si,si,si,no,si,si,si,4.0,3,3,4.0,4,2.0,13.0,14.0,0.0
IES_Cervantes,F,20.0,Urbana,GT3,Juntos,4,1,otro,otro,cerca_casa,otro,1,4.0,0,no,si,no,si,si,si,no,si,3.0,2,3,1.0,3,1.0,18.0,,17.0
IES_Lorca,M,16.0,Rural,GT3,Juntos,4,2,sanidad,servicios,reputacion,otro,1,1.0,0,no,,no,si,si,si,si,no,5.0,4,4,2.0,4,0.0,11.0,11.0,10.0
IES_Lorca,m,21.0,Rural,GT3,Juntos,2,0,servicios,hogar,otro,madre,2,2.0,0,si,si,si,si,no,si,si,si,5.0,4,2,1.0,4,4.0,12.0,11.0,11.0
IES_Cervantes,F,22.0,Urbana,GT3,Juntos,4,3,sanidad,servicios,cerca_casa,padre,3,3.0,0,no, si ,si,no,si,si,si,no,3.0,3,3,1.0,5,2.0,14.0,12.0,14.0
IES_Cervantes,M,17.0,Urbana,GT3,Juntos,3,4,sanidad,otro,cerca_casa,padre,1,3.0,1,si,si,no,no,si,si,no,no,4.0,5,3,1.0,4,1.0,11.0,11.0,12.0
IES_Cervantes,M,17.0,Urbana,GT3,Juntos,2,0,profesora,hogar,reputacion,otro,1,2.0,0,no,no,si,no,si,si,si,si,5.0,3,5,4.0,4,,12.0,13.0,14.0
IES_Lorca,F,18.0,Rural,GT3,Juntos,1,4,servicios,otro,cursos,padre,1,2.0,0,no,no,si,no,si,si,si,no,3.0,3,2,1.0,5,1.0,13.0,,14.0
IES_Cervantes,M,15.0,Rural,LE3,Juntos,1,4,otro,profesor,otro,otro,2,3.0,0,no,si,no,si,no,si,si,si,3.0,3,3,2.0,4,,13.0,13.0,13.0
IES_Cervantes,M,17.0,Urbana,GT3,Juntos,3,1,profesora,hogar,cursos,otro,3,3.0,1,no,si,si,si,si,no,si,no,4.0,3,2,2.0,2,2.0,12.0,11.0,11.0
IES_Cervantes,M,19.0,Urbana,GT3,Juntos,1,3,hogar,otro,cursos,madre,1,2.0,1,no,si,no,si,si,si,si,no,,5,2,2.0,4,0.0,8.0,8.0,9.0
IES_Lorca,F,19.0,Urbana,GT3,Juntos,1,0,sanidad,profesor,cursos,madre,1,1.0,0,no,si,no,no,si,si,no,no,5.0,4,1,1.0,2,1.0,11.0,13.0,12.0
IES_Cervantes,M,18.0,Urbana,GT3,Juntos,1,1,sanidad,sanidad,cerca_casa,padre,1,2.0,2,no,si,si,no,si,si,si,no,4.0,2,1,3.0,2,0.0,9.0,6.0,6.0
IES_Lorca,F,22.0,Rural,GT3,Juntos,4,3,sanidad,profesor,cursos,madre,1,2.0,0,no,si,no,no,si,si,si,si,3.0,4,4,1.0,4,2.0,14.0,14.0,13.0
IES_Cervantes,M,22.0,Rural,LE3,Juntos,3,1,profesora,otro,otro,otro,4,4.0,0,no,si,no,no,si,si,no,no,4.0,3,5,1.0,5,6.0,15.0,14.0,13.0
IES_Cervantes,M,15.0,Urbana,GT3,Juntos,2,2,otro,profesor,cerca_casa,otro,2,2.0,0,si,si,no,no,no,si,no,no,3.0,3,1,3.0,2,0.0,11.0,11.0,11.0
IES_Lorca,M,21.0,Rural,LE3,Separados,1,0,hogar,profesor,cursos,padre,1,4.0,0,no,si,no,si,si,si,no,no,,4,1,1.0,4,2.0,13.0,11.0,0.0
IES_Lorca,F,20.0,Urbana,LE3,Juntos,2,2,sanidad,servicios,cerca_casa,padre,1,1.0,2,no,si,si,no,si,si,si,si,4.0,3,2,2.0,2,3.0,7.0,7.0,8.0
IES_Cervantes,M,22.0,Rural,GT3,Juntos,2,2,hogar,sanidad,cerca_casa,otro,3,3.0,1,no,si,no,si,si,si,si,si,4.0,3,2,2.0,3,16.0,9.0,,7.0
IES_Cervantes,F,22.0,Rural,GT3,Juntos,4,2,profesora,servicios,cursos,otro,3,3.0,1,si,no,no,si,si,si,si,no,4.0,3,4,1.0,5,3.0,12.0,11.0,0.0
IES_Cervantes,m,20.0,Rural,LE3,Juntos,2,3,hogar,otro,reputacion,otro,3,3.0,0,no,no,no,si,si,si,si,no,3.0,4,4,2.0,1,2.0,13.0,11.0,11.0
IES_Cervantes,F,18.0,Urbana,GT3,Separados,3,2,sanidad,profesor,reputacion,madre,1,4.0,0,si,no,si,si,no,si,si,no,4.0,5,5,1.0,2,0.0,16.0,16.0,16.0
IES_Lorca,F,18.0,Urbana,GT3,Juntos,4,4,hogar,servicios,otro,padre,2,2.0,0,no,no,no,no,si,si,NO,si,2.0,3,4,1.0,4,2.0,13.0,12.0,12.0
IES_Cervantes,F,,Urbana,GT3,Juntos,3,0,profesora,hogar,cerca_casa,madre,3,,0,si,si,no,si,si,si,si,si,4.0,5,1,1.0,4,1.0,12.0,12.0,14.0
IES_Cervantes,F,21.0,Urbana,LE3,Juntos,3,2,servicios,servicios,cursos,otro,2,3.0,1,no,no,no,no,si,si,si,no,4.0,4,3,1.0,5,1.0,14.0,14.0,15.0
IES_Cervantes,M,21.0,Urbana,GT3,Juntos,3,3,otro,otro,cerca_casa,otro,3,2.0,0,no,si,no,no,si,si,si,no,4.0,3,3,3.0,4,,12.0,13.0,13.0
IES_Lorca,m,16.0,Urbana,LE3,Juntos,4,3,hogar,servicios,cursos,otro,1,1.0,0,no,no,si,no,si,si,no,no,4.0,3,4,2.0,4,11.0,12.0,11.0,11.0
IES_Cervantes,F,17.0,Urbana,GT3,Juntos,2,3,otro,sanidad,cerca_casa,padre,1,3.0,0,no,si,no,si,si,no,si,no,4.0,4,1,1.0,2,1.0,12.0,9.0,9.0
IES_Lorca,F,18.0,Urbana,GT3,Juntos,3,3,profesora,hogar,cursos,madre,1,2.0,0,no,si,no,si,no,si,si,si,5.0,5,2,3.0,1,,12.0,12.0,12.0
IES_Cervantes,F,22.0,Urbana,GT3,Separados,3,1,servicios,servicios,cerca_casa,otro,2,2.0,0,si,si,no,no,si,si,si,no,5.0,2,3,3.0,4,8.0,8.0,8.0,8.0
IES_Cervantes,M,16.0,Rural,GT3,Juntos,2,2,profesora,profesor,reputacion,padre,2,2.0,0,no,no,si,si,si,si,si,no,4.0,2,1,1.0,4,5.0,12.0,10.0,11.0
IES_Lorca,M,15.0,Urbana,GT3,Juntos,1,0,sanidad,sanidad,reputacion,padre,2,4.0,0,no,si,no,si,si,si,si,no,,3,5,5.0,3,6.0,10.0,,10.0
IES_Cervantes,M,16.0,Urbana,LE3,Juntos,3,3,hogar,sanidad,cursos,otro,1,4.0,1,no,no,no,si,si,si,si,no,4.0,3,4,2.0,4,2.0,11.0,11.0,12.0
IES_Lorca,F,18.0,Urbana,LE3,Separados,2,2,sanidad,hogar,otro,padre,1,3.0,0,si,si,si,si,si,si,si,no,4.0,3,3,1.0,4,2.0,13.0,13.0,13.0
IES_Cervantes,M,15.0,Urbana,GT3,Juntos,4,2,sanidad,sanidad,cursos,madre,1,2.0,3,si,si,si,no,si,si,si,no,4.0,2,4,1.0,4,1.0,7.0,7.0,7.0
IES_Lorca,M,22.0,Urbana,GT3,Juntos,4,2,servicios,sanidad,cerca_casa,madre,1,4.0,0,no,no,no,si,si,no,no,no,5.0,3,3,2.0,2,3.0,15.0,14.0,15.0
IES_Lorca,f,17.0,Rural,GT3,Juntos,2,2,hogar,hogar,cerca_casa,padre,2,2.0,0,no,no,no,si,si,si,si,no,5.0,3,5,2.0,3,1.0,11.0,11.0,12.0
IES_Cervantes,F,15.0,Rural,GT3,Separados,4,1,otro,profesor,otro,padre,4,2.0,0,no,si,si,no,no,si,si,no,4.0,3,3,4.0,5,0.0,10.0,10.0,10.0
IES_Cervantes,M,22.0,Urbana,GT3,Juntos,4,4,servicios,hogar,otro,otro,2,2.0,0,no,no,no,no,si,si,no,no,4.0,4,3,4.0,1,0.0,13.0,13.0,0.0
IES_Cervantes,F,16.0,Urbana,GT3,Juntos,4,4,servicios,servicios,cerca_casa,padre,2,2.0,1,no,si,si,si,si,si,si,si,4.0,4,4,5.0,2,3.0,8.0,,9.0
IES_Cervantes,F,22.0,Urbana,LE3,Juntos,3,3,hogar,hogar,reputacion,padre,1,1.0,0,no,si,no,no,si,si,si,si,5.0,5,2,1.0,3,5.0,14.0,14.0,13.0
IES_Cervantes,M,20.0,Urbana,GT3,Juntos,3,4,otro,servicios,otro,madre,4,1.0,0,no,si,si,no,si,si,no,si,4.0,4,3,1.0,5,6.0,11.0,11.0,0.0
IES_Cervantes,F,21.0,Rural,GT3,Separados,4,1,otro,servicios,cerca_casa,padre,1,1.0,0,no,no,si,no,si,si,no,si,5.0,3,5,1.0,2,1.0,13.0,11.0,12.0
IES_Lorca,F,17.0,Urbana,GT3,Juntos,3,3,servicios,sanidad,reputacion,otro,1,2.0,0,no,si,si,si,si,si,si,no,4.0,2,2,5.0,2,4.0,10.0,9.0,8.0
IES_Cervantes,M,17.0,Rural,LE3,Juntos,2,2,profesora,profesor,cursos,otro,2,1.0,0,SI,si,si,si,no,si,si,no,5.0,5,3,4.0,4,21.0,10.0,11.0,10.0
IES_Lorca,M,21.0,Urbana,GT3,Juntos,4,3,servicios,hogar,reputacion,otro,2,3.0,0,no,si,si,si,si,si,si,si,5.0,4,4,1.0,3,3.0,16.0,16.0,17.0
IES_Cervantes,F,18.0,Urbana,GT3,Juntos,3,4,sanidad,profesor,reputacion,otro,1,2.0,3,no,no,no,si,si,si,si,no,4.0,5,4,1.0,2,12.0,4.0,5.0,3.0
IES_Cervantes,M,19.0,Urbana,GT3,Juntos,3,4,profesora,profesor,reputacion,madre,1,4.0,0,si, si ,si,si,no,si,no,si,1.0,3,2,2.0,1,8.0,12.0,11.0,12.0
IES_Cervantes,M,18.0,Rural,GT3,Juntos,0,1,hogar,sanidad,cursos,otro,1,2.0,1,no,no,si,si,si,si,si,no,,2,3,2.0,4,3.0,11.0,10.0,9.0
IES_Lorca,M,,Urbana,GT3,Juntos,4,1,servicios,otro,cerca_casa,otro,1,1.0,1,no,si,no,no,no,si,si,no,3.0,5,3,3.0,5,5.0,,8.0,7.0
IES_Lorca,m,21.0,Urbana,GT3,Juntos,4,3,sanidad,hogar,cursos,madre,4,3.0,1,si,no,si,si,si,si,si,no,3.0,1,2,1.0,5,3.0,13.0,15.0,15.0
IES_Cervantes,M,21.0,Urbana,LE3,Juntos,3,4,sanidad,profesor,otro,padre,3,3.0,1,si,no,no,si,si,si,si,no,4.0,3,3,3.0,4,6.0,9.0,9.0,9.0
IES_Cervantes,M,18.0,Urbana,GT3,Juntos,3,2,profesora,servicios,reputacion,padre,1,1.0,0,si,no,no,no,si,si,si,si,4.0,3,1,2.0,4,6.0,14.0,12.0,12.0
IES_Cervantes,F,19.0,Urbana,GT3,Juntos,0,4,servicios,otro,cursos,madre,2,1.0,0,no,si,no,si,no,si,no,no,4.0,2,3,2.0,2,2.0,12.0,11.0,10.0
IES_Lorca,M,21.0,Urbana,GT3,Juntos,1,3,hogar,sanidad,reputacion,padre,3,1.0,0,no,si,no,si,si,si,si,si,3.0,3,4,2.0,3,1.0,11.0,9.0,9.0
IES_Cervantes,F,16.0,Rural,LE3,Juntos,4,4,hogar,sanidad,reputacion,madre,1,4.0,0,si,si,no,no,si,si,si,si,4.0,5,3,1.0,3,7.0,15.0,15.0,15.0
IES_Cervantes,M,16.0,Rural,LE3,Juntos,1,4,sanidad,servicios,cerca_casa,padre,2,1.0,0,no,si,no,si,no,si,si,no,,4,3,1.0,4,3.0,16.0,17.0,17.0
IES_Cervantes,M,16.0,Urbana,GT3,Separados,2,0,servicios,otro,cursos,madre,1,1.0,0,si,no,no,no,si,si,si,no,4.0,3,3,1.0,4,13.0,7.0,7.0,8.0
IES_Cervantes,F,15.0,Urbana,GT3,Juntos,4,3,otro,hogar,reputacion,madre,1,2.0,0,no,si,no,no,si,si,si,no,4.0,5,2,4.0,5,1.0,16.0,16.0,15.0
IES_Lorca,M,15.0,Urbana,GT3,Juntos,4,2,servicios,profesor,otro,madre,1,,0,no,no,si,si,si,si,si,si,3.0,3,2,1.0,1,4.0,13.0,15.0,15.0
IES_Cervantes,F,,Urbana,GT3,Juntos,4,3,profesora,profesor,reputacion,padre,2,2.0,2,no,no,no,no,si,si,si,no,5.0,5,2,4.0,5,4.0,8.0,6.0,6.0
IES_Lorca,M,22.0,Rural,GT3,Juntos,4,2,sanidad,otro,otro,padre,1,4.0,0,no,no,si,no,si,si,si,no,1.0,3,3,3.0,3,0.0,15.0,16.0,16.0
IES_Cervantes,F,,Rural,GT3,Juntos,4,1,servicios,hogar,reputacion,madre,1,3.0,0,si,no,si,no,si,si,no,no,1.0,1,2,2.0,5,1.0,14.0,14.0,14.0
IES_Cervantes,F,17.0,Urbana,LE3,Juntos,1,3,hogar,profesor,cerca_casa,padre,1,2.0,1,no,si,si,si,si,si,si,si,5.0,2,5,1.0,5,10.0,12.0,,12.0
IES_Cervantes,M,18.0,Urbana,LE3,Juntos,4,2,sanidad,servicios,otro,padre,1,2.0,0,no,,si,si,si,si,si,si,3.0,2,3,2.0,4,1.0,12.0,12.0,12.0
IES_Cervantes,M,16.0,Urbana,GT3,Juntos,1,4,hogar,servicios,reputacion,madre,1,4.0,0,no,no,si,si,si,no,si,si,2.0,3,5,1.0,1,15.0,11.0,10.0,10.0
IES_Cervantes,F,20.0,Urbana,LE3,Juntos,1,4,sanidad,otro,cursos,madre,1,1.0,2,no,no,no,si,si,si,si,no,2.0,3,3,3.0,5,4.0,6.0,6.0,6.0
IES_Lorca,M,19.0,Urbana,LE3,Juntos,4,0,sanidad,sanidad,cerca_casa,madre,2,2.0,0,no,no,no,no,si,si,NO,no,4.0,3,4,3.0,4,0.0,16.0,,0.0
IES_Cervantes,M,16.0,Urbana,GT3,Juntos,4,2,profesora,sanidad,cerca_casa,madre,1,,0,no,si,si,no,si,si,si,si,3.0,4,1,1.0,4,13.0,10.0,,7.0
IES_Cervantes,M,21.0,Urbana,GT3,Juntos,3,4,otro,profesor,reputacion,madre,3,1.0,1,no,,no,si,si,no,si,si,5.0,1,3,3.0,3,,9.0,9.0,9.0
IES_Cervantes,M,16.0,Urbana,LE3,Juntos,1,0,hogar,otro,otro,madre,3,1.0,0,no,si,si,no,no,si,si,no,4.0,2,3,3.0,3,2.0,11.0,11.0,12.0
IES_Cervantes,M,18.0,Urbana,LE3,Juntos,3,2,sanidad,hogar,cerca_casa,otro,1,1.0,2,no,si,no,si,no,si,si,no,4.0,3,4,2.0,4,2.0,7.0,7.0,8.0
IES_Lorca,F,19.0,Urbana,LE3,Juntos,2,1,servicios,otro,otro,otro,1,2.0,2,no,si,no,no,si,si,si,no,3.0,3,3,1.0,4,0.0,10.0,10.0,0.0
IES_Lorca,F,19.0,Urbana,GT3,Separados,0,1,sanidad,profesor,otro,madre,1,2.0,0,no,no,no,si,si,si,no,no,3.0,1,3,5.0,5,1.0,10.0,10.0,9.0
IES_Cervantes,M,21.0,Urbana,GT3,Juntos,2,2,otro,profesor,cerca_casa,padre,2,4.0,0,SI,no,no,no,no,si,si,no,3.0,1,5,1.0,4,5.0,18.0,17.0,16.0
IES_Cervantes,F,20.0,Urbana,GT3,Separados,3,0,sanidad,profesor,reputacion,otro,1,1.0,3,no,si,no,si,si,si,si,no,5.0,4,2,2.0,4,0.0,9.0,9.0,9.0
IES_Cervantes,F,21.0,Urbana,GT3,Separados,2,4,profesora,otro,cerca_casa,padre,3,3.0,0,no,no,si,no,si,si,si,si,4.0,3,3,1.0,5,2.0,16.0,15.0,14.0
IES_Cervantes,M,18.0,Urbana,LE3,Juntos,3,2,sanidad,otro,cerca_casa,padre,3,2.0,0,no,no,si,no,si,si,NO,no,4.0,3,1,5.0,4,1.0,13.0,13.0,11.0
IES_Cervantes,F,15.0,Urbana,GT3,Juntos,2,2,profesora,sanidad,otro,padre,3,1.0,3,no,si,no,no,si,si,no,si,4.0,2,3,5.0,3,0.0,3.0,2.0,2.0
IES_Cervantes,m,18.0,Urbana,GT3,Separados,0,1,servicios,hogar,cursos,otro,2,3.0,0,no,no,no,no,si,si,si,no,5.0,4,4,1.0,3,4.0,11.0,11.0,12.0
IES_Lorca,M,20.0,Urbana,GT3,Juntos,1,0,sanidad,otro,cerca_casa,padre,2,1.0,0,no,no,no,no,si,si,si,no,4.0,4,2,3.0,4,4.0,11.0,11.0,12.0
IES_Cervantes,F,15.0,Urbana,LE3,Juntos,3,1,sanidad,otro,cursos,otro,2,3.0,0,no,si,si,si,si,si,si,no,4.0,2,3,4.0,1,1.0,10.0,11.0,0.0
IES_Cervantes,F,20.0,Urbana,GT3,Juntos,4,3,servicios,sanidad,cerca_casa,madre,1,3.0,1,no,si,no,no,si,si,si,no,5.0,3,5,4.0,1,1.0,11.0,,12.0
IES_Cervantes,F,15.0,Urbana,GT3,Juntos,4,3,servicios,hogar,cerca_casa,madre,2,4.0,0,no,si,si,no,si,si,si,no,4.0,4,4,4.0,4,6.0,13.0,14.0,14.0
IES_Lorca,F,16.0,Urbana,GT3,Juntos,3,3,profesora,hogar,cursos,otro,2,3.0,0,no,si,si,no,si,si,no,si,5.0,4,3,2.0,1,0.0,14.0,17.0,17.0
IES_Cervantes,M,15.0,Urbana,LE3,Juntos,3,4,servicios,otro,reputacion,otro,2,3.0,1,no,si,si,si,si,si,si,no,3.0,4,3,2.0,5,1.0,11.0,10.0,9.0
IES_Cervantes,F,19.0,Rural,GT3,Separados,4,2,sanidad,otro,reputacion,otro,1,1.0,1,no,no,si,no,si,si,NO,si,3.0,5,4,3.0,4,,11.0,11.0,11.0
IES_Lorca,M,18.0,Urbana,LE3,Juntos,3,1,profesora,hogar,otro,otro,3,1.0,0,no, si ,si,si,si,si,si,si,4.0,4,4,3.0,5,3.0,14.0,13.0,13.0
IES_Lorca,F,15.0,Urbana,GT3,Juntos,2,4,hogar,otro,reputacion,otro,1,2.0,0,no,si,si,no,no,no,si,no,3.0,4,4,2.0,4,0.0,11.0,11.0,11.0
IES_Cervantes,F,19.0,Rural,GT3,Juntos,4,1,profesora,sanidad,otro,otro,1,3.0,0,no,si,si,si,no,no,si,si,5.0,4,2,4.0,5,4.0,13.0,12.0,12.0
IES_Cervantes,F,16.0,Urbana,LE3,Juntos,4,4,otro,hogar,cursos,padre,2,1.0,0,si,no,si,si,no,si,si,no,4.0,1,2,4.0,1,6.0,11.0,10.0,11.0
IES_Cervantes,M,16.0,Urbana,LE3,Juntos,2,3,servicios,profesor,otro,madre,3,1.0,0,si,si,si,no,no,si,si,si,5.0,3,3,1.0,3,2.0,12.0,11.0,10.0
IES_Cervantes,M,22.0,Urbana,GT3,Juntos,3,0,profesora,sanidad,reputacion,madre,3,2.0,1,no,no,no,si,si,si,si,si,5.0,3,3,2.0,3,4.0,10.0,9.0,9.0
IES_Cervantes,M,15.0,Urbana,GT3,Juntos,2,1,servicios,profesor,cursos,madre,1,2.0,1,no,si,no,no,si,si,no,no,4.0,5,5,3.0,4,3.0,12.0,11.0,11.0
IES_Cervantes,M,15.0,Urbana,GT3,Juntos,2,3,hogar,hogar,cerca_casa,madre,1,2.0,0,no,si,si,no,si,si,si,si,4.0,3,3,1.0,4,3.0,12.0,12.0,13.0
IES_Lorca,F,20.0,Urbana,GT3,Juntos,2,4,hogar,profesor,cerca_casa,padre,3,4.0,0,si,si,si,si,si,si,si,si,5.0,4,3,2.0,4,3.0,14.0,13.0,14.0
IES_Lorca,M,18.0,Rural,GT3,Separados,0,2,sanidad,servicios,reputacion,otro,1,1.0,1,si,si,si,no,si,no,si,no,4.0,3,3,4.0,2,0.0,,7.0,8.0
IES_Lorca,F,15.0,Rural,GT3,Juntos,4,3,profesora,otro,cursos,madre,2,2.0,0,no,si,no,no,si,si,si,si,4.0,3,3,2.0,4,1.0,15.0,17.0,16.0
IES_Lorca,M,20.0,Rural,LE3,Juntos,3,2,servicios,servicios,otro,madre,3,1.0,1,no,no,no,si,no,si,si,si,3.0,3,3,3.0,4,7.0,8.0,7.0,8.0
IES_Cervantes,m,15.0,Rural,LE3,Juntos,3,1,hogar,hogar,reputacion,padre,1,,0,si,si,no,no,si,si,si,no,,2,5,4.0,4,1.0,11.0,10.0,9.0
IES_Lorca,M,,Rural,GT3,Separados,2,3,profesora,sanidad,cerca_casa,padre,1,1.0,0,no,si,no,no,si,si,si,no,5.0,3,3,1.0,3,0.0,10.0,12.0,12.0
IES_Cervantes,F,19.0,Urbana,LE3,Juntos,4,4,hogar,sanidad,otro,padre,1,1.0,1,no,si,no,no,no,no,si,si,1.0,2,2,2.0,3,1.0,11.0,11.0,12.0
IES_Cervantes,M,16.0,Urbana,GT3,Juntos,1,1,hogar,profesor,otro,otro,1,2.0,1,no,,si,no,si,si,si,no,5.0,5,4,3.0,3,6.0,12.0,13.0,12.0
IES_Lorca,M,15.0,Urbana,GT3,Juntos,1,1,hogar,servicios,reputacion,padre,1,3.0,0,no,si,si,no,si,si,si,no,5.0,4,1,3.0,2,3.0,15.0,17.0,16.0
IES_Lorca,M,16.0,Rural,GT3,Juntos,0,2,servicios,profesor,cerca_casa,otro,1,1.0,0,no,,si,si,si,si,si,no,4.0,1,2,1.0,2,5.0,13.0,14.0,15.0
IES_Lorca,M,16.0,Urbana,GT3,Juntos,2,0,profesora,profesor,cursos,madre,1,2.0,0,no,si,si,no,si,no,si,no,4.0,4,2,2.0,4,4.0,12.0,12.0,13.0
IES_Cervantes,F,16.0,Urbana,LE3,Juntos,4,4,hogar,hogar,cerca_casa,madre,1,1.0,0,no,si,no,si,si,si,si,no,,3,5,1.0,3,5.0,11.0,9.0,9.0
IES_Cervantes,M,19.0,Rural,LE3,Juntos,3,3,otro,hogar,cerca_casa,padre,1,3.0,0,no,,si,si,si,si,si,no,3.0,4,1,2.0,5,1.0,14.0,12.0,11.0
IES_Lorca,M,19.0,Rural,GT3,Separados,3,4,servicios,servicios,cerca_casa,padre,1,2.0,3,no,si,no,no,si,si,no,si,4.0,2,4,2.0,5,3.0,7.0,7.0,6.0
IES_Cervantes,M,22.0,Urbana,GT3,Juntos,4,2,servicios,otro,otro,otro,2,4.0,0,no,si,si,si,si,si,si,no,3.0,2,2,2.0,2,5.0,15.0,12.0,12.0
IES_Cervantes,M,18.0,Rural,GT3,Juntos,1,0,servicios,otro,cerca_casa,padre,1,2.0,0,si,si,no,no,si,si,si,no,5.0,3,3,4.0,4,1.0,11.0,11.0,12.0
IES_Cervantes,F,15.0,Urbana,GT3,Juntos,4,1,profesora,otro,reputacion,otro,3,4.0,0,no,no,no,no,si,si,no,no,3.0,2,3,3.0,4,,13.0,15.0,15.0
IES_Lorca,F,17.0,Rural,GT3,Juntos,4,3,profesora,otro,cerca_casa,madre,2,1.0,0,no,si,si,no,si,si,no,no,3.0,3,2,5.0,3,0.0,12.0,11.0,11.0
IES_Lorca,M,20.0,Rural,LE3,Separados,0,2,hogar,servicios,reputacion,padre,2,1.0,0,si,no,si,no,si,si,si,si,4.0,5,4,1.0,3,8.0,10.0,11.0,11.0
IES_Cervantes,F,19.0,Urbana,LE3,Juntos,1,4,sanidad,otro,reputacion,otro,2,2.0,2,si,si,si,si,si,si,si,no,,3,3,4.0,3,9.0,7.0,9.0,9.0
IES_Lorca,M,22.0,Urbana,GT3,Juntos,4,2,servicios,sanidad,cerca_casa,madre,1,4.0,0,no,no,no,si,si,no,no,no,5.0,3,3,2.0,2,3.0,15.0,14.0,15.0
IES_Lorca,M,15.0,Rural,GT3,Juntos,3,2,profesora,profesor,cerca_casa,otro,1,1.0,0,no,si,no,no,si,si,si,si,4.0,2,4,2.0,3,4.0,8.0,8.0,7.0
IES_Lorca,M,19.0,Urbana,GT3,Juntos,1,4,hogar,profesor,cursos,padre,1,2.0,0,no,si,no,no,si,si,si,si,2.0,3,3,,3,9.0,9.0,10.0,10.0
IES_Cervantes,F,21.0,Rural,GT3,Juntos,1,4,hogar,hogar,otro,otro,1,2.0,0,no,si,si,si,si,si,si,no,3.0,3,3,3.0,5,8.0,13.0,13.0,13.0
IES_Cervantes,F,21.0,Urbana,GT3,Separados,3,1,sanidad,sanidad,cursos,otro,1,3.0,0,no,no,si,si,si,si,si,no,4.0,2,3,2.0,3,7.0,11.0,11.0,13.0
IES_Cervantes,F,16.0,Urbana,LE3,Juntos,4,2,otro,servicios,reputacion,padre,2,2.0,0,SI,no,no,no,si,si,si,no,4.0,3,2,4.0,4,3.0,10.0,10.0,11.0
IES_Cervantes,M,21.0,Rural,LE3,Juntos,1,1,profesora,profesor,cursos,otro,2,3.0,2,no,si,si,si,no,si,si,no,4.0,4,2,1.0,4,5.0,10.0,8.0,8.0
IES_Lorca,F,22.0,Urbana,LE3,Juntos,1,3,otro,profesor,cursos,padre,3,4.0,0,no,si,si,si,si,si,si,no,4.0,3,2,2.0,4,0.0,14.0,13.0,13.0
IES_Cervantes,F,15.0,Urbana,GT3,Juntos,4,4,sanidad,servicios,otro,otro,1,1.0,0,si,si,si,no,si,no,si,no,5.0,3,3,1.0,4,1.0,14.0,14.0,15.0
IES_Cervantes,F,16.0,Rural,LE3,Separados,3,2,sanidad,profesor,otro,madre,4,3.0,0,no,si,no,si,si,si,si,si,4.0,2,5,2.0,4,9.0,11.0,12.0,12.0
IES_Cervantes,F,15.0,Urbana,LE3,Juntos,2,0,sanidad,profesor,cerca_casa,otro,1,2.0,0,no,si,no,no,si,si,si,si,5.0,5,4,1.0,1,,12.0,12.0,13.0
IES_Cervantes,M,21.0,Urbana,GT3,Juntos,2,3,otro,sanidad,cursos,padre,1,3.0,0,no,si,si,si,si,no,NO,si,5.0,4,4,2.0,3,0.0,11.0,13.0,12.0
IES_Lorca,M,17.0,Urbana,GT3,Juntos,3,0,servicios,otro,cursos,otro,3,3.0,1,no,si,si,si,si,si,si,si,5.0,3,3,3.0,2,0.0,9.0,8.0,8.0
IES_Cervantes,F,17.0,Urbana,GT3,Juntos,4,4,sanidad,otro,reputacion,otro,1,1.0,0,no,si,si,si,si,si,si,si,2.0,3,3,1.0,3,0.0,14.0,12.0,0.0
IES_Cervantes,M,17.0,Urbana,GT3,Juntos,2,3,servicios,otro,cerca_casa,padre,4,4.0,0,no,no,no,si,no,si,si,si,3.0,2,3,1.0,3,4.0,12.0,11.0,11.0
IES_Cervantes,M,15.0,Urbana,GT3,Juntos,1,2,servicios,servicios,cursos,padre,1,4.0,0,no,si,no,si,si,si,si,si,5.0,4,4,1.0,3,2.0,14.0,16.0,17.0
IES_Cervantes,F,15.0,Rural,LE3,Juntos,3,4,profesora,servicios,cerca_casa,padre,1,4.0,1,si,si,no,no,si,si,si,no,4.0,3,3,3.0,5,1.0,14.0,,12.0
IES_Lorca,M,15.0,Rural,GT3,Juntos,2,2,sanidad,profesor,otro,otro,2,1.0,0,no,,si,no,si,si,si,no,3.0,5,2,2.0,3,8.0,10.0,9.0,9.0
IES_Cervantes,M,15.0,Urbana,GT3,Juntos,1,4,profesora,hogar,cerca_casa,padre,1,2.0,3,no,si,si,si,si,si,si,si,4.0,3,2,1.0,4,0.0,6.0,5.0,4.0
IES_Cervantes,F,19.0,Urbana,GT3,Juntos,2,3,profesora,profesor,otro,madre,1,3.0,0,no,si,no,si,si,si,no,si,3.0,3,2,1.0,5,1.0,14.0,15.0,15.0
IES_Cervantes,M,19.0,Urbana,GT3,Juntos,3,4,sanidad,profesor,cerca_casa,padre,3,1.0,0,SI,si,no,si,si,si,si,no,3.0,4,2,2.0,3,5.0,11.0,11.0,0.0
IES_Cervantes,f,18.0,Urbana,GT3,Separados,4,3,servicios,servicios,cursos,madre,2,3.0,1,no,no,si,si,si,si,si,no,4.0,3,5,1.0,4,2.0,15.0,14.0,14.0
IES_Cervantes,F,22.0,Urbana,GT3,Juntos,3,2,otro,servicios,reputacion,otro,1,2.0,0,no,si,no,si,si,si,si,si,5.0,4,2,2.0,3,1.0,15.0,15.0,15.0
IES_Cervantes,F,16.0,Rural,GT3,Juntos,2,0,servicios,hogar,reputacion,madre,1,2.0,0,no,no,no,no,si,si,si,no,3.0,3,1,1.0,4,5.0,14.0,16.0,15.0
IES_Cervantes,F,21.0,Rural,LE3,Separados,2,1,hogar,sanidad,reputacion,padre,2,2.0,0,no,si,no,no,no,si,si,si,3.0,2,3,3.0,4,7.0,10.0,11.0,10.0
IES_Cervantes,F,15.0,Urbana,LE3,Juntos,1,3,profesora,servicios,cursos,otro,2,3.0,0,no,no,no,no,si,si,si,no,5.0,3,3,1.0,4,3.0,13.0,14.0,13.0
IES_Cervantes,F,16.0,Urbana,GT3,Juntos,2,2,servicios,sanidad,otro,padre,1,2.0,0,no,no,no,si,si,si,si,no,2.0,3,3,1.0,3,4.0,13.0,13.0,12.0
IES_Cervantes,M,20.0,Rural,LE3,Juntos,4,2,hogar,profesor,cerca_casa,padre,2,2.0,0,no,si,no,si,no,si,si,si,2.0,3,3,1.0,4,12.0,10.0,11.0,11.0
IES_Cervantes,M,20.0,Rural,GT3,Juntos,4,2,otro,otro,cerca_casa,padre,2,,1,no,no,no,si,si,si,si,si,5.0,5,3,5.0,4,5.0,11.0,9.0,11.0
IES_Cervantes,M,17.0,Rural,GT3,Juntos,4,4,hogar,otro,otro,madre,3,3.0,0,no,si,no,si,si,si,si,no,5.0,3,4,1.0,3,1.0,16.0,16.0,16.0
IES_Cervantes,M,17.0,Rural,LE3,Juntos,2,1,hogar,profesor,cerca_casa,padre,2,4.0,0,no,si,no,si,si,si,no,si,4.0,3,3,1.0,3,,14.0,14.0,14.0
IES_Cervantes,F,15.0,Urbana,GT3,Separados,1,3,sanidad,profesor,otro,padre,3,3.0,0,no,si,si,no,si,si,si,si,5.0,3,2,1.0,4,9.0,13.0,12.0,13.0
IES_Lorca,F,20.0,Urbana,GT3,Juntos,2,3,sanidad,hogar,reputacion,madre,2,2.0,1,si,no,no,no,si,si,si,no,1.0,3,3,2.0,3,13.0,9.0,8.0,8.0
IES_Cervantes,M,18.0,Urbana,GT3,Juntos,2,4,hogar,hogar,cursos,otro,1,2.0,1,no,si,si,si,si,si,si,si,4.0,5,2,1.0,5,0.0,16.0,17.0,16.0
IES_Cervantes,M,19.0,Urbana,LE3,Separados,3,2,hogar,servicios,cursos,madre,1,4.0,0,no,no,no,no,si,si,si,si,4.0,5,3,1.0,3,2.0,16.0,16.0,18.0
IES_Cervantes,M,15.0,Urbana,GT3,Juntos,0,4,hogar,servicios,otro,padre,2,2.0,0,no,si,no,si,si,si,no,no,4.0,3,2,1.0,5,3.0,11.0,12.0,12.0
IES_Cervantes,F,19.0,Rural,LE3,Juntos,3,3,profesora,profesor,reputacion,padre,2,1.0,1,si,si,si,si,si,si,si,no,1.0,2,3,3.0,5,3.0,10.0,10.0,11.0
IES_Cervantes,F,22.0,Urbana,GT3,Juntos,3,2,otro,hogar,cerca_casa,padre,1,2.0,0,no,si,si,si,si,si,si,no,,3,1,2.0,5,1.0,12.0,12.0,12.0
IES_Lorca,F,16.0,Rural,LE3,Juntos,3,0,sanidad,hogar,reputacion,madre,4,3.0,0,no,si,no,no,no,si,NO,no,4.0,3,5,3.0,5,0.0,13.0,13.0,0.0
IES_Lorca,M,17.0,Rural,LE3,Juntos,3,1,sanidad,sanidad,cursos,padre,1,3.0,0,no,si,no,no,no,si,si,no,4.0,1,3,3.0,4,8.0,,11.0,11.0
IES_Cervantes,M,19.0,Urbana,GT3,Juntos,3,4,sanidad,hogar,cursos,padre,1,1.0,0,no,no,no,si,si,si,si,no,2.0,5,3,1.0,3,11.0,14.0,15.0,14.0
IES_Cervantes,M,16.0,Urbana,LE3,Juntos,3,0,sanidad,profesor,reputacion,otro,3,2.0,1,no,si,no,si,si,si,si,no,4.0,3,2,5.0,3,1.0,11.0,11.0,11.0
IES_Lorca,M,17.0,Rural,GT3,Juntos,1,1,profesora,servicios,cursos,padre,1,4.0,0,si,si,si,no,si,si,no,no,,3,1,5.0,3,10.0,9.0,9.0,8.0
IES_Cervantes,M,17.0,Rural,LE3,Juntos,2,2,servicios,sanidad,cerca_casa,madre,2,2.0,0,no,,si,si,si,no,si,no,4.0,3,2,1.0,5,,13.0,12.0,12.0
IES_Cervantes,F,15.0,Urbana,GT3,Juntos,3,1,profesora,hogar,reputacion,padre,2,2.0,0,no,,no,si,no,si,si,no,4.0,4,2,2.0,4,3.0,,12.0,13.0
IES_Lorca,M,20.0,Urbana,LE3,Juntos,0,1,otro,otro,otro,madre,2,3.0,0,no,si,no,no,si,si,si,si,3.0,2,5,1.0,4,1.0,13.0,10.0,10.0
IES_Cervantes,M,19.0,Urbana,GT3,Juntos,3,3,otro,hogar,cursos,madre,2,3.0,0,si,no,si,no,si,si,si,no,3.0,3,3,1.0,3,0.0,14.0,13.0,13.0
IES_Cervantes,F,16.0,Urbana,GT3,Juntos,4,4,profesora,otro,cursos,otro,2,2.0,1,no,no,si,si,si,si,no,no,5.0,3,3,4.0,4,5.0,11.0,12.0,12.0
IES_Lorca,M,22.0,Urbana,GT3,Juntos,2,1,hogar,otro,cerca_casa,padre,1,1.0,0,no,si,si,no,si,si,si,si,5.0,1,2,1.0,2,1.0,13.0,13.0,13.0
IES_Cervantes,M,19.0,Rural,GT3,Juntos,3,4,servicios,sanidad,cursos,madre,2,2.0,0,no,si,no,si,si,si,si,no,1.0,4,3,1.0,4,,14.0,15.0,15.0
IES_Lorca,f,15.0,Urbana,GT3,Juntos,2,3,profesora,hogar,otro,padre,1,1.0,0,no,no,si,no,si,si,si,no,3.0,3,4,1.0,4,2.0,10.0,13.0,13.0
IES_Lorca,F,22.0,Urbana,LE3,Juntos,2,1,profesora,hogar,cerca_casa,madre,1,3.0,0,no,,si,si,no,si,no,si,4.0,3,1,5.0,4,1.0,13.0,13.0,14.0
IES_Cervantes,F,19.0,Urbana,GT3,Juntos,1,2,servicios,profesor,cerca_casa,otro,2,4.0,0,no,si,si,si,si,si,si,no,3.0,2,3,1.0,3,1.0,15.0,15.0,16.0
IES_Lorca,M,20.0,Urbana,GT3,Juntos,3,3,otro,sanidad,cursos,otro,2,2.0,1,no,no,si,no,si,si,si,si,4.0,4,2,2.0,2,8.0,8.0,8.0,6.0
IES_Cervantes,M,21.0,Rural,LE3,Juntos,4,3,sanidad,sanidad,reputacion,otro,2,2.0,0,no,,si,si,si,si,no,no,4.0,2,4,1.0,4,1.0,13.0,13.0,14.0
IES_Cervantes,F,15.0,Urbana,GT3,Juntos,4,4,servicios,hogar,otro,madre,3,4.0,0,no,si,si,no,no,si,si,no,4.0,2,3,2.0,5,1.0,14.0,12.0,12.0
IES_Cervantes,M,21.0,Rural,GT3,Juntos,4,3,servicios,profesor,cerca_casa,padre,1,2.0,0,no,si,no,si,si,si,no,no,5.0,4,1,1.0,5,2.0,13.0,13.0,14.0
IES_Lorca,F,22.0,Rural,LE3,Juntos,1,3,otro,hogar,reputacion,madre,1,1.0,0,no,si,no,no,no,si,si,no,1.0,2,4,1.0,4,3.0,12.0,11.0,12.0
IES_Cervantes,F,22.0,Urbana,GT3,Juntos,4,1,profesora,sanidad,cerca_casa,padre,1,4.0,0,no,si,no,no,si,si,no,no,4.0,3,1,3.0,5,0.0,14.0,14.0,15.0
IES_Lorca,M,17.0,Rural,GT3,Juntos,3,2,profesora,hogar,cursos,madre,1,2.0,0,si,si,no,no,si,si,si,no,4.0,5,2,3.0,5,2.0,13.0,13.0,13.0
IES_Cervantes,F,15.0,Urbana,GT3,Juntos,2,3,servicios,servicios,reputacion,madre,1,2.0,0,no,si,si,no,si,si,si,si,5.0,3,3,1.0,3,0.0,14.0,15.0,15.0
IES_Cervantes,M,17.0,Urbana,GT3,Separados,4,4,profesora,sanidad,cerca_casa,otro,1,2.0,0,no,no,no,si,si,si,no,no,2.0,3,1,1.0,5,3.0,14.0,14.0,15.0
IES_Cervantes,F,21.0,Urbana,GT3,Juntos,3,2,hogar,servicios,otro,madre,1,3.0,0,no,no,no,no,si,si,si,si,5.0,3,1,2.0,4,8.0,13.0,13.0,13.0
IES_Lorca,F,17.0,Rural,GT3,Juntos,4,2,profesora,sanidad,otro,otro,1,1.0,0,no,si,si,si,no,si,no,no,4.0,2,3,4.0,5,,14.0,15.0,0.0
IES_Cervantes,F,17.0,Urbana,GT3,Juntos,2,4,sanidad,otro,cursos,madre,2,2.0,1,no,no,no,no,si,si,si,no,4.0,4,3,1.0,2,0.0,11.0,10.0,10.0
IES_Lorca,M,19.0,Urbana,GT3,Juntos,4,2,profesora,otro,cerca_casa,madre,2,3.0,0,no, si ,si,no,si,si,si,no,5.0,1,3,1.0,5,1.0,15.0,16.0,16.0
IES_Cervantes,M,21.0,Urbana,LE3,Juntos,1,4,hogar,sanidad,cursos,madre,2,1.0,0,si,no,no,si,si,si,si,si,5.0,4,2,1.0,5,3.0,13.0,14.0,14.0
IES_Cervantes,M,18.0,Urbana,GT3,Juntos,1,1,sanidad,sanidad,cerca_casa,otro,1,3.0,0,si,no,si,no,si,si,no,no,4.0,2,3,1.0,1,0.0,15.0,16.0,15.0
IES_Cervantes,M,20.0,Urbana,GT3,Juntos,2,2,servicios,hogar,otro,padre,2,1.0,0,si,no,no,no,no,si,si,si,5.0,4,5,1.0,1,0.0,11.0,11.0,11.0
IES_Lorca,F,16.0,Urbana,GT3,Juntos,4,0,sanidad,servicios,otro,otro,3,2.0,0,no,,no,no,si,no,si,no,5.0,3,5,1.0,3,1.0,9.0,8.0,8.0
IES_Cervantes,F,22.0,Urbana,GT3,Juntos,3,1,otro,sanidad,otro,padre,1,4.0,0,no,no,si,si,si,si,si,si,5.0,1,4,3.0,3,11.0,11.0,12.0,12.0
IES_Cervantes,M,21.0,Urbana,GT3,Juntos,1,1,sanidad,profesor,otro,otro,1,3.0,0,no,si,si,si,si,si,si,no,3.0,2,3,2.0,3,1.0,12.0,11.0,13.0
IES_Cervantes,M,15.0,Rural,GT3,Juntos,1,2,profesora,hogar,cursos,padre,3,4.0,0,no,si,no,si,si,si,si,no,5.0,5,2,1.0,2,0.0,15.0,15.0,15.0
IES_Lorca,F,21.0,Urbana,GT3,Juntos,2,2,otro,servicios,otro,padre,1,3.0,0,no,no,si,no,no,si,si,no,4.0,4,3,5.0,3,0.0,12.0,,14.0
IES_Lorca,M,20.0,Rural,LE3,Juntos,3,3,otro,hogar,otro,madre,3,1.0,0,no,no,si,si,si,si,no,si,5.0,2,2,2.0,2,5.0,9.0,9.0,10.0
IES_Cervantes,F,21.0,Urbana,GT3,Separados,3,2,sanidad,sanidad,cursos,padre,3,1.0,0,no,si,no,si,si,si,si,si,4.0,2,2,3.0,3,1.0,11.0,10.0,11.0
IES_Cervantes,M,15.0,Urbana,GT3,Juntos,0,1,sanidad,otro,reputacion,otro,1,1.0,0,no,no,si,no,si,si,si,no,3.0,4,4,2.0,5,0.0,10.0,8.0,9.0
IES_Cervantes,M,19.0,Rural,LE3,Juntos,4,1,profesora,hogar,otro,madre,1,3.0,0,no,si,no,no,si,si,si,no,5.0,4,1,2.0,3,11.0,13.0,9.0,10.0
IES_Cervantes,F,20.0,Urbana,GT3,Juntos,0,4,sanidad,otro,reputacion,padre,2,2.0,0,no,si,si,no,si,si,si,no,,4,3,3.0,5,3.0,15.0,14.0,14.0
IES_Cervantes,M,16.0,Urbana,GT3,Juntos,1,0,otro,hogar,otro,padre,3,4.0,2,SI,si,si,no,si,si,si,no,4.0,4,2,2.0,5,9.0,8.0,10.0,8.0
IES_Cervantes,F,18.0,Urbana,GT3,Juntos,2,1,otro,sanidad,cerca_casa,otro,2,2.0,0,no,si,no,no,si,si,si,no,5.0,2,3,3.0,5,5.0,14.0,14.0,13.0
IES_Cervantes,F,20.0,Rural,LE3,Juntos,3,4,hogar,hogar,otro,otro,2,1.0,0,no,si,si,no,si,si,si,no,3.0,2,3,1.0,2,75.0,14.0,15.0,15.0
IES_Cervantes,M,20.0,Urbana,GT3,Juntos,4,2,servicios,servicios,cursos,madre,3,3.0,3,no,no,no,si,no,si,si,si,4.0,3,2,1.0,3,5.0,11.0,11.0,10.0
IES_Cervantes,F,21.0,Rural,GT3,Juntos,3,2,sanidad,sanidad,cursos,madre,3,1.0,1,si,no,no,si,si,si,no,no,4.0,2,4,1.0,1,1.0,11.0,12.0,10.0
IES_Cervantes,F,16.0,Urbana,GT3,Separados,1,4,profesora,servicios,reputacion,padre,2,2.0,0,no,si,no,si,no,si,no,no,1.0,5,2,2.0,5,6.0,13.0,13.0,13.0
IES_Cervantes,M,22.0,Rural,LE3,Juntos,1,3,servicios,hogar,cerca_casa,padre,1,3.0,0,si,no,no,si,si,no,NO,no,5.0,1,4,2.0,5,2.0,14.0,13.0,13.0
IES_Cervantes,F,16.0,Urbana,GT3,Juntos,3,0,otro,otro,reputacion,padre,1,1.0,0,no,si,no,no,no,si,si,si,4.0,1,5,1.0,5,2.0,,9.0,8.0
IES_Cervantes,F,15.0,Urbana,GT3,Juntos,3,4,sanidad,otro,cerca_casa,otro,2,2.0,0,no,si,si,no,si,no,si,no,3.0,5,4,1.0,2,8.0,13.0,12.0,13.0
IES_Lorca,M,18.0,Urbana,GT3,Juntos,2,3,hogar,servicios,reputacion,otro,2,1.0,0,no,si,no,no,si,si,si,no,4.0,2,2,1.0,4,0.0,13.0,14.0,12.0
IES_Cervantes,F,17.0,Urbana,GT3,Separados,2,2,sanidad,sanidad,cursos,padre,2,4.0,0,no,si,si,si,si,si,si,no,5.0,2,3,2.0,3,7.0,14.0,10.0,10.0
IES_Lorca,f,19.0,Urbana,GT3,Juntos,4,1,hogar,otro,reputacion,madre,1,,0,no,si,si,no,si,si,si,no,5.0,3,5,,3,3.0,15.0,14.0,15.0
IES_Cervantes,M,20.0,Rural,GT3,Juntos,4,2,otro,otro,cerca_casa,padre,2,,1,no,no,no,si,si,si,si,si,5.0,5,3,5.0,4,5.0,11.0,9.0,11.0
IES_Lorca,M,20.0,Urbana,LE3,Separados,3,2,hogar,otro,otro,otro,3,1.0,0,no,no,si,si,no,si,si,no,4.0,3,3,5.0,3,4.0,11.0,12.0,13.0
IES_Cervantes,F,17.0,Urbana,GT3,Separados,4,4,servicios,sanidad,otro,otro,4,1.0,0,no,si,no,no,si,si,si,no,3.0,3,3,1.0,4,2.0,13.0,13.0,0.0
IES_Cervantes,M,16.0,Urbana,LE3,Juntos,3,2,profesora,sanidad,cerca_casa,madre,2,,0,no,,no,si,si,si,si,no,5.0,3,3,1.0,4,,15.0,15.0,16.0
IES_Cervantes,M,18.0,Rural,LE3,Juntos,1,0,hogar,hogar,reputacion,madre,1,2.0,0,no,no,no,no,si,si,si,no,2.0,5,4,4.0,5,18.0,8.0,,6.0
IES_Lorca,M,20.0,Urbana,GT3,Juntos,4,4,hogar,profesor,otro,otro,1,3.0,0,no,si,no,no,si,si,no,no,3.0,3,3,1.0,4,0.0,,14.0,14.0
IES_Cervantes,F,16.0,Urbana,GT3,Juntos,2,2,sanidad,servicios,cursos,otro,1,4.0,0,no,si,no,no,no,si,si,si,5.0,3,3,1.0,5,1.0,14.0,14.0,0.0
IES_Lorca,F,19.0,Rural,GT3,Separados,2,3,sanidad,servicios,otro,madre,1,4.0,0,no,si,no,si,no,si,si,no,3.0,5,4,1.0,4,0.0,13.0,14.0,14.0
IES_Cervantes,F,16.0,Urbana,LE3,Juntos,3,0,hogar,sanidad,cerca_casa,otro,1,4.0,1,no,si,si,no,no,si,si,no,3.0,4,2,1.0,3,9.0,10.0,11.0,13.0
IES_Cervantes,M,17.0,Urbana,GT3,Juntos,2,1,servicios,servicios,reputacion,padre,1,2.0,1,no,si,si,no,si,no,si,no,4.0,4,4,2.0,4,0.0,9.0,9.0,8.0
IES_Lorca,M,21.0,Urbana,GT3,Juntos,1,4,sanidad,profesor,cerca_casa,otro,2,1.0,0,no,si,si,si,si,si,no,si,3.0,3,2,2.0,5,10.0,11.0,10.0,10.0
IES_Lorca,M,18.0,Urbana,LE3,Separados,4,3,hogar,hogar,cerca_casa,otro,2,2.0,0,no,si,no,si,si,si,si,si,4.0,3,3,1.0,1,5.0,10.0,8.0,8.0
IES_Lorca,M,18.0,Urbana,LE3,Juntos,2,4,servicios,otro,cerca_casa,madre,2,4.0,0,no,no,si,no,si,si,si,no,4.0,3,2,1.0,4,1.0,14.0,15.0,15.0
IES_Cervantes,F,20.0,Urbana,LE3,Juntos,3,2,otro,profesor,reputacion,madre,2,2.0,1,si,si,no,si,si,si,si,si,3.0,4,3,,4,1.0,7.0,7.0,7.0
IES_Lorca,M,17.0,Urbana,LE3,Separados,1,3,sanidad,otro,reputacion,otro,4,,0,no,si,si,no,no,si,si,no,3.0,3,5,1.0,3,4.0,10.0,10.0,11.0
IES_Lorca,F,22.0,Urbana,GT3,Juntos,2,2,otro,profesor,cerca_casa,madre,3,2.0,0,no,no,si,no,no,si,si,si,3.0,3,3,5.0,5,1.0,12.0,13.0,0.0
IES_Lorca,F,15.0,Urbana,LE3,Juntos,2,2,servicios,profesor,cerca_casa,otro,1,3.0,0,si,no,no,si,si,si,si,no,5.0,3,5,1.0,5,0.0,15.0,14.0,15.0
IES_Cervantes,F,22.0,Urbana,LE3,Juntos,4,4,hogar,otro,cursos,madre,1,4.0,0,si,si,si,no,si,si,si,si,5.0,4,3,,4,9.0,13.0,13.0,12.0
IES_Lorca,F,18.0,Urbana,GT3,Separados,2,2,sanidad,profesor,cerca_casa,padre,1,2.0,0,si,si,no,si,si,si,si,si,4.0,2,3,3.0,3,3.0,14.0,14.0,14.0
IES_Lorca,F,17.0,Urbana,LE3,Juntos,2,3,servicios,sanidad,cerca_casa,padre,1,1.0,0,no,no,no,si,si,si,no,no,5.0,2,3,1.0,5,3.0,13.0,13.0,12.0
IES_Cervantes,F,15.0,Rural,GT3,Juntos,2,4,profesora,sanidad,cursos,padre,2,2.0,0,no,si,no,no,si,si,si,no,,5,3,2.0,1,5.0,12.0,12.0,12.0
IES_Lorca,F,21.0,Rural,GT3,Juntos,3,2,sanidad,hogar,cursos,padre,1,2.0,0,no,si,si,no,si,si,si,no,3.0,5,1,,5,0.0,15.0,17.0,17.0
IES_Lorca,M,22.0,Urbana,LE3,Juntos,4,2,sanidad,servicios,otro,otro,2,2.0,0,si,no,no,no,si,si,si,si,3.0,3,4,1.0,3,,12.0,12.0,12.0
IES_Lorca,F,21.0,Urbana,LE3,Juntos,3,4,profesora,servicios,cerca_casa,madre,1,2.0,1,no,no,no,no,si,si,si,si,4.0,4,5,3.0,5,18.0,9.0,9.0,0.0
IES_Cervantes,M,16.0,Urbana,LE3,Juntos,1,4,hogar,profesor,cerca_casa,otro,1,4.0,0,no,si,si,si,no,si,si,no,4.0,5,3,1.0,4,3.0,16.0,15.0,15.0
IES_Cervantes,F,16.0,Urbana,GT3,Juntos,2,1,otro,hogar,cursos,padre,2,2.0,0,no,si,no,si,si,no,si,si,2.0,4,2,2.0,3,5.0,13.0,14.0,13.0
IES_Lorca,F,22.0,Urbana,GT3,Juntos,4,2,otro,servicios,reputacion,otro,1,2.0,2,no,,no,no,si,si,si,si,5.0,5,1,3.0,5,3.0,9.0,9.0,8.0
IES_Cervantes,M,20.0,Rural,GT3,Juntos,4,1,sanidad,servicios,reputacion,otro,3,3.0,0,no,no,si,no,si,si,si,no,5.0,4,3,,4,2.0,13.0,10.0,10.0
IES_Cervantes,F,16.0,Urbana,GT3,Juntos,1,1,hogar,otro,reputacion,madre,2,3.0,2,no,,no,si,si,si,si,no,5.0,3,2,1.0,3,8.0,9.0,8.0,8.0
IES_Cervantes,M,22.0,Urbana,LE3,Separados,2,3,hogar,servicios,cerca_casa,padre,2,2.0,0,si,no,no,no,no,si,no,no,5.0,3,3,2.0,3,5.0,13.0,12.0,12.0
IES_Cervantes,M,19.0,Urbana,GT3,Juntos,2,1,profesora,sanidad,cursos,padre,1,2.0,0,no,no,no,si,si,si,si,si,3.0,4,3,3.0,4,2.0,13.0,13.0,16.0
IES_Cervantes,F,19.0,Urbana,GT3,Juntos,2,2,hogar,profesor,reputacion,madre,1,3.0,2,si,si,no,no,si,si,si,no,1.0,2,5,2.0,3,10.0,6.0,5.0,6.0
IES_Cervantes,F,21.0,Urbana,GT3,Juntos,1,4,sanidad,otro,otro,otro,1,2.0,0,no,si,si,si,si,si,si,no,1.0,3,5,2.0,1,0.0,12.0,12.0,12.0
IES_Lorca,F,,Urbana,GT3,Juntos,1,3,sanidad,hogar,otro,padre,1,1.0,0,no,si,no,no,si,si,si,no,3.0,2,5,,4,19.0,9.0,8.0,7.0
IES_Cervantes,F,18.0,Urbana,LE3,Juntos,2,3,sanidad,sanidad,otro,padre,2,2.0,0,no,si,no,si,si,si,si,no,5.0,2,1,3.0,2,8.0,12.0,12.0,12.0
IES_Lorca,M,15.0,Rural,GT3,Juntos,4,2,servicios,hogar,reputacion,madre,3,2.0,0,no,si,si,si,si,si,si,no,4.0,3,4,3.0,4,3.0,10.0,7.0,7.0
IES_Lorca,M,18.0,Urbana,GT3,Juntos,2,4,otro,sanidad,reputacion,otro,1,3.0,2,no,no,no,si,si,si,no,no,5.0,3,4,1.0,1,5.0,11.0,10.0,10.0
IES_Cervantes,M,22.0,Urbana,LE3,Juntos,3,2,profesora,otro,cerca_casa,padre,1,3.0,1,no,si,si,si,si,si,si,si,4.0,3,2,2.0,5,0.0,15.0,15.0,16.0
IES_Cervantes,M,17.0,Rural,GT3,Juntos,2,2,servicios,sanidad,cerca_casa,otro,2,,0,si,si,no,no,si,si,si,si,4.0,3,2,3.0,4,,11.0,,12.0
IES_Cervantes,M,15.0,Urbana,LE3,Juntos,4,4,otro,hogar,cerca_casa,otro,2,4.0,0,si,no,no,si,si,si,si,no,5.0,3,1,2.0,3,2.0,14.0,15.0,15.0
IES_Cervantes,F,16.0,Urbana,GT3,Juntos,2,4,profesora,sanidad,otro,madre,2,3.0,0,no,si,si,no,no,si,si,no,4.0,3,4,1.0,3,7.0,12.0,12.0,11.0
IES_Cervantes,F,18.0,Urbana,GT3,Juntos,3,1,hogar,profesor,reputacion,padre,1,2.0,0,no,si,no,si,si,si,si,no,3.0,3,3,2.0,1,2.0,13.0,14.0,15.0
IES_Cervantes,F,20.0,Urbana,GT3,Juntos,1,3,profesora,otro,cerca_casa,madre,2,4.0,0,si,no,si,si,si,si,si,no,5.0,5,3,4.0,5,0.0,12.0,12.0,11.0
IES_Cervantes,M,,Urbana,GT3,Juntos,2,2,profesora,servicios,otro,otro,1,4.0,2,no,si,no,no,si,si,si,no,3.0,2,3,3.0,3,,9.0,10.0,10.0
IES_Cervantes,F,22.0,Rural,GT3,Juntos,1,3,hogar,sanidad,reputacion,madre,1,3.0,0,no,si,si,si,si,si,si,no,5.0,2,3,2.0,2,6.0,10.0,10.0,12.0
IES_Lorca,M,21.0,Urbana,GT3,Juntos,0,2,servicios,servicios,otro,madre,1,2.0,0,no,si,si,si,no,si,si,no,5.0,3,3,4.0,5,4.0,9.0,10.0,11.0
IES_Cervantes,F,15.0,Rural,LE3,Juntos,1,4,profesora,otro,reputacion,otro,1,2.0,0,no,si,si,si,si,si,si,no,3.0,3,4,1.0,3,11.0,13.0,12.0,12.0
IES_Cervantes,f,21.0,Urbana,GT3,Juntos,2,2,hogar,otro,cerca_casa,padre,1,2.0,0,no,si,no,si,si,si,si,no,3.0,4,3,4.0,2,5.0,12.0,12.0,11.0
IES_Cervantes,M,16.0,Rural,GT3,Juntos,4,1,hogar,profesor,reputacion,padre,1,2.0,0,si,si,no,si,si,si,si,no,4.0,3,1,1.0,2,2.0,13.0,14.0,14.0
IES_Lorca,M,22.0,Urbana,GT3,Separados,3,0,hogar,sanidad,cerca_casa,otro,1,2.0,2,SI,no,no,no,si,si,si,no,3.0,5,2,2.0,5,1.0,8.0,8.0,8.0
IES_Cervantes,F,22.0,Urbana,GT3,Juntos,3,2,otro,profesor,cursos,otro,1,1.0,0,si,si,no,si,si,si,si,no,5.0,3,4,1.0,3,3.0,14.0,12.0,12.0
IES_Cervantes,F,21.0,Rural,GT3,Juntos,2,1,sanidad,profesor,reputacion,otro,3,2.0,1,no,no,no,no,si,si,si,si,3.0,3,4,2.0,5,0.0,12.0,12.0,11.0
IES_Cervantes,M,17.0,Urbana,GT3,Separados,3,4,otro,servicios,reputacion,madre,2,3.0,0,no,si,no,si,si,si,si,si,3.0,2,3,1.0,4,10.0,13.0,13.0,13.0
IES_Cervantes,F,21.0,Urbana,GT3,Juntos,3,2,profesora,hogar,cursos,padre,1,2.0,1,no,no,no,si,si,no,si,si,5.0,2,2,2.0,5,17.0,10.0,10.0,0.0
IES_Cervantes,f,16.0,Urbana,GT3,Juntos,2,1,profesora,servicios,reputacion,padre,1,1.0,1,no,si,si,si,si,si,si,si,5.0,4,4,2.0,5,0.0,8.0,8.0,9.0
IES_Cervantes,M,17.0,Urbana,GT3,Separados,1,1,hogar,sanidad,reputacion,madre,1,2.0,0,si,no,no,no,no,si,si,si,4.0,4,3,1.0,3,4.0,11.0,10.0,10.0
IES_Lorca,F,18.0,Rural,GT3,Juntos,4,3,profesora,otro,reputacion,otro,1,2.0,2,no,no,no,si,si,si,si,si,3.0,3,2,5.0,4,0.0,6.0,7.0,8.0
IES_Cervantes,F,19.0,Rural,LE3,Juntos,2,2,hogar,servicios,cerca_casa,madre,2,1.0,0,no,,no,si,si,si,si,no,4.0,3,3,1.0,3,1.0,12.0,11.0,12.0
IES_Lorca,M,21.0,Urbana,LE3,Separados,3,1,servicios,servicios,cursos,madre,4,2.0,0,si,si,no,no,no,si,si,no,4.0,5,3,2.0,3,5.0,9.0,9.0,8.0
IES_Lorca,M,20.0,Urbana,GT3,Juntos,2,1,servicios,sanidad,cursos,otro,1,3.0,0,no,si,si,no,si,si,si,no,4.0,2,3,3.0,2,1.0,12.0,12.0,12.0
IES_Cervantes,F,20.0,Rural,LE3,Juntos,2,2,otro,sanidad,cursos,padre,1,,1,no,si,si,no,no,si,si,si,5.0,2,2,3.0,3,7.0,12.0,13.0,13.0
IES_Cervantes,M,21.0,Urbana,GT3,Juntos,1,3,servicios,hogar,cursos,madre,1,3.0,1,no,,si,no,no,si,si,si,4.0,3,3,2.0,2,0.0,11.0,11.0,11.0
IES_Lorca,F,20.0,Urbana,GT3,Separados,0,2,profesora,otro,reputacion,padre,2,3.0,0,no,si,no,no,si,si,si,no,3.0,3,2,1.0,5,5.0,12.0,13.0,13.0
IES_Lorca,F,16.0,Rural,GT3,Juntos,3,4,profesora,servicios,otro,padre,1,4.0,0,no,no,no,no,no,si,si,no,1.0,3,5,2.0,5,1.0,14.0,14.0,14.0
IES_Cervantes,M,22.0,Rural,GT3,Juntos,4,2,servicios,servicios,cursos,madre,3,1.0,0,no, si ,si,si,si,si,si,si,3.0,2,1,5.0,3,0.0,13.0,,11.0
IES_Cervantes,M,18.0,Urbana,LE3,Juntos,2,4,hogar,servicios,cursos,otro,1,,0,no,no,si,no,si,si,si,si,4.0,5,1,4.0,4,3.0,9.0,10.0,10.0
IES_Cervantes,F,18.0,Rural,GT3,Juntos,2,2,sanidad,profesor,cerca_casa,madre,1,2.0,0,no,no,no,si,si,si,si,no,5.0,3,2,1.0,2,,15.0,16.0,16.0
IES_Cervantes,F,22.0,Rural,GT3,Separados,1,2,hogar,hogar,reputacion,padre,3,1.0,1,si,si,no,no,si,si,si,no,5.0,2,3,,5,7.0,8.0,9.0,6.0
IES_Cervantes,M,,Urbana,GT3,Juntos,2,0,otro,profesor,cursos,otro,1,3.0,0,no,no,si,no,si,si,si,no,5.0,3,3,4.0,3,2.0,14.0,14.0,13.0
IES_Cervantes,F,17.0,Urbana,LE3,Juntos,1,3,hogar,servicios,otro,otro,1,2.0,0,no,si,no,si,no,si,si,no,2.0,3,2,2.0,4,1.0,11.0,12.0,0.0
IES_Cervantes,F,19.0,Urbana,GT3,Juntos,2,3,profesora,profesor,otro,padre,3,1.0,1,si,no,si,si,si,si,si,no,4.0,3,3,1.0,3,1.0,10.0,11.0,11.0
IES_Cervantes,M,22.0,Urbana,LE3,Juntos,0,2,sanidad,hogar,otro,padre,1,,0,si,si,si,si,si,si,no,no,3.0,4,2,1.0,5,8.0,16.0,16.0,0.0
IES_Lorca,M,19.0,Urbana,GT3,Juntos,1,4,servicios,sanidad,cerca_casa,padre,2,,0,no,si,no,si,si,si,si,si,3.0,3,3,1.0,5,4.0,17.0,17.0,17.0
IES_Lorca,F,22.0,Urbana,GT3,Juntos,4,3,profesora,sanidad,cerca_casa,padre,1,1.0,0,no,si,no,no,si,si,si,no,5.0,3,2,1.0,5,5.0,14.0,13.0,13.0
IES_Cervantes,M,19.0,Urbana,LE3,Juntos,3,1,otro,sanidad,otro,otro,1,2.0,0,no,si,no,si,si,si,si,no,1.0,3,5,4.0,5,0.0,12.0,12.0,11.0
IES_Cervantes,M,18.0,Rural,LE3,Juntos,2,3,otro,otro,reputacion,madre,3,1.0,0,no,si,no,no,si,si,si,no,4.0,3,3,2.0,4,5.0,11.0,11.0,12.0
IES_Lorca,M,16.0,Urbana,LE3,Separados,0,1,sanidad,servicios,otro,madre,3,3.0,0,no,si,no,si,si,si,si,no,4.0,1,5,1.0,4,3.0,14.0,16.0,15.0
IES_Cervantes,f,21.0,Rural,LE3,Separados,2,4,otro,hogar,cerca_casa,madre,4,1.0,0,no,si,si,no,si,si,si,no,4.0,2,3,1.0,5,7.0,14.0,15.0,17.0
IES_Cervantes,M,17.0,Urbana,GT3,Juntos,4,0,servicios,profesor,cursos,padre,4,2.0,0,no,si,no,si,si,si,si,no,5.0,1,2,4.0,3,13.0,11.0,11.0,12.0
IES_Lorca,F,18.0,Urbana,GT3,Juntos,3,1,sanidad,otro,cerca_casa,otro,3,1.0,1,no,si,no,no,si,si,si,no,4.0,1,3,2.0,4,4.0,7.0,6.0,5.0
IES_Lorca,F,,Rural,GT3,Juntos,3,3,otro,hogar,cursos,otro,2,3.0,0,no,si,no,si,si,si,si,si,3.0,3,3,2.0,5,2.0,16.0,16.0,17.0
IES_Cervantes,M,15.0,Urbana,GT3,Juntos,3,3,sanidad,profesor,reputacion,otro,1,,0,si,si,no,no,si,si,si,no,4.0,5,3,,4,4.0,14.0,14.0,14.0
IES_Cervantes,F,20.0,Urbana,GT3,Juntos,1,1,otro,otro,otro,madre,4,3.0,1,no,si,si,no,si,si,no,si,4.0,5,5,3.0,4,1.0,7.0,,6.0
IES_Cervantes,F,21.0,Rural,GT3,Juntos,4,3,servicios,sanidad,reputacion,otro,1,3.0,0,no,no,no,no,si,si,si,no,4.0,4,3,2.0,3,5.0,14.0,14.0,14.0
IES_Cervantes,M,22.0,Urbana,GT3,Juntos,2,2,hogar,otro,cursos,madre,1,3.0,0,si,si,si,si,si,si,si,no,4.0,4,3,1.0,5,19.0,10.0,10.0,9.0
IES_Cervantes,M,21.0,Urbana,GT3,Juntos,4,2,servicios,servicios,otro,otro,2,2.0,0,no,si,si,no,si,si,si,si,3.0,3,4,1.0,5,6.0,11.0,13.0,13.0
IES_Cervantes,F,15.0,Urbana,GT3,Juntos,3,2,servicios,sanidad,cerca_casa,otro,4,2.0,1,si,no,si,si,si,si,no,no,4.0,4,1,1.0,3,6.0,12.0,11.0,10.0
IES_Cervantes,M,21.0,Urbana,GT3,Juntos,2,2,otro,profesor,otro,madre,1,1.0,1,si,si,no,no,si,si,si,no,5.0,2,3,1.0,3,1.0,12.0,13.0,12.0
IES_Cervantes,F,18.0,Urbana,GT3,Separados,3,3,otro,servicios,otro,padre,1,2.0,0,no,si,no,si,si,si,si,no,4.0,4,4,2.0,5,6.0,,13.0,13.0
IES_Cervantes,M,16.0,Urbana,LE3,Juntos,2,2,otro,profesor,reputacion,padre,3,3.0,0,si,no,si,no,si,si,si,si,4.0,4,1,1.0,3,0.0,14.0,14.0,14.0
IES_Cervantes,M,22.0,Urbana,GT3,Juntos,3,3,servicios,servicios,reputacion,padre,3,1.0,0,no,si,no,no,si,si,si,no,1.0,3,3,2.0,5,8.0,12.0,12.0,12.0
IES_Lorca,F,19.0,Urbana,LE3,Juntos,3,2,otro,otro,reputacion,madre,3,1.0,0,no,,si,no,si,si,NO,no,5.0,3,5,1.0,5,7.0,9.0,10.0,11.0
IES_Cervantes,M,15.0,Urbana,GT3,Juntos,2,2,profesora,sanidad,reputacion,otro,3,1.0,0,no,si,si,si,si,si,si,si,5.0,3,3,2.0,5,0.0,10.0,11.0,10.0
IES_Cervantes,F,17.0,Urbana,LE3,Juntos,3,4,servicios,profesor,otro,otro,1,4.0,0,no,no,no,no,si,si,no,si,4.0,5,4,,4,14.0,13.0,14.0,0.0
IES_Cervantes,F,15.0,Urbana,GT3,Separados,2,3,servicios,profesor,cursos,otro,3,3.0,0,no,si,si,si,si,si,si,no,2.0,4,4,3.0,3,0.0,10.0,9.0,10.0
IES_Cervantes,F,17.0,Urbana,LE3,Juntos,4,1,servicios,servicios,cursos,otro,1,2.0,0,no,si,si,no,si,si,no,no,5.0,2,3,2.0,3,6.0,,11.0,12.0
IES_Lorca,F,16.0,Urbana,GT3,Juntos,3,2,sanidad,hogar,cursos,otro,2,3.0,0,no,si,si,si,si,si,si,no,4.0,4,3,4.0,5,0.0,11.0,13.0,11.0
IES_Cervantes,F,20.0,Urbana,GT3,Juntos,2,1,servicios,hogar,reputacion,otro,2,4.0,0,no,si,no,no,no,no,NO,no,3.0,4,3,1.0,1,9.0,13.0,14.0,13.0
IES_Cervantes,M,16.0,Urbana,GT3,Juntos,3,1,profesora,hogar,reputacion,padre,1,2.0,0,no,,no,si,si,si,si,no,4.0,3,4,5.0,2,10.0,10.0,10.0,10.0
IES_Lorca,M,17.0,Urbana,LE3,Juntos,3,3,sanidad,servicios,cerca_casa,madre,1,3.0,0,si,si,si,si,no,si,si,si,4.0,3,3,5.0,3,12.0,10.0,9.0,8.0
IES_Cervantes,M,16.0,Rural,GT3,Juntos,1,1,otro,otro,cerca_casa,madre,1,3.0,0,no,no,no,no,no,si,si,si,5.0,2,5,1.0,4,4.0,11.0,12.0,11.0
IES_Cervantes,F,21.0,Urbana,LE3,Juntos,2,4,hogar,otro,otro,padre,1,3.0,3,no,si,no,no,no,si,si,si,5.0,3,3,1.0,4,1.0,9.0,9.0,7.0
IES_Lorca,M,18.0,Rural,LE3,Juntos,3,1,sanidad,servicios,otro,padre,3,2.0,3,si,si,no,si,si,si,si,si,3.0,2,2,1.0,1,3.0,9.0,7.0,6.0
IES_Cervantes,F,20.0,Rural,LE3,Juntos,0,3,profesora,servicios,cursos,madre,2,2.0,2,no,si,si,si,si,si,si,no,2.0,2,3,2.0,2,3.0,6.0,7.0,7.0
IES_Cervantes,M,35.0,Urbana,GT3,Separados,1,3,sanidad,servicios,cerca_casa,otro,1,3.0,0,no,si,si,no,no,si,no,si,5.0,3,2,1.0,4,4.0,11.0,12.0,0.0
IES_Cervantes,F,21.0,Rural,LE3,Separados,1,3,servicios,sanidad,cursos,padre,1,2.0,0,no,si,no,si,si,si,si,si,4.0,4,1,2.0,4,0.0,12.0,12.0,10.0
IES_Lorca,M,15.0,Urbana,GT3,Juntos,2,2,hogar,servicios,reputacion,madre,3,1.0,0,no,no,si,si,si,si,no,no,4.0,5,2,1.0,5,0.0,12.0,13.0,13.0
IES_Cervantes,m,,Urbana,GT3,Juntos,1,1,hogar,servicios,reputacion,otro,4,4.0,2,si,no,no,no,no,si,si,no,3.0,5,4,4.0,4,1.0,7.0,6.0,8.0
IES_Lorca,F,18.0,Rural,GT3,Juntos,3,0,sanidad,sanidad,otro,padre,1,2.0,1,no,si,si,no,si,si,si,no,4.0,4,5,2.0,4,3.0,8.0,8.0,0.0
IES_Lorca,f,15.0,Rural,GT3,Juntos,2,2,otro,sanidad,reputacion,padre,3,,0,si,no,no,si,no,no,si,no,1.0,4,1,1.0,3,1.0,17.0,16.0,16.0
IES_Cervantes,F,19.0,Rural,GT3,Juntos,2,3,servicios,sanidad,reputacion,padre,2,1.0,0,no,si,no,no,si,si,si,no,4.0,1,4,1.0,4,1.0,11.0,12.0,13.0
IES_Cervantes,F,20.0,Urbana,LE3,Juntos,3,3,profesora,otro,cerca_casa,padre,2,1.0,2,no,no,si,no,si,si,si,si,2.0,2,3,2.0,5,1.0,8.0,8.0,9.0
IES_Cervantes,M,21.0,Urbana,GT3,Juntos,1,1,servicios,sanidad,cerca_casa,madre,2,2.0,0,no,si,si,si,si,si,si,no,5.0,4,2,1.0,4,0.0,13.0,13.0,13.0
IES_Cervantes,M,22.0,Rural,GT3,Juntos,2,1,servicios,profesor,cursos,padre,3,2.0,0,no,no,no,si,si,si,si,no,2.0,2,3,1.0,5,6.0,13.0,12.0,12.0
IES_Lorca,F,22.0,Rural,GT3,Juntos,3,4,servicios,servicios,cursos,otro,1,2.0,0,SI,no,no,no,si,no,si,no,3.0,3,5,2.0,3,1.0,14.0,13.0,12.0
IES_Lorca,M,16.0,Urbana,GT3,Separados,2,4,otro,otro,cursos,madre,1,3.0,0,no,si,si,si,si,si,NO,no,3.0,2,1,4.0,4,4.0,15.0,14.0,14.0
IES_Cervantes,M,17.0,Urbana,LE3,Juntos,3,3,otro,profesor,otro,madre,1,,0,si,si,no,si,si,si,si,si,1.0,4,3,1.0,4,2.0,11.0,12.0,14.0
IES_Cervantes,M,15.0,Urbana,LE3,Juntos,1,2,hogar,profesor,cerca_casa,madre,1,3.0,0,si,no,no,no,si,si,si,no,5.0,3,3,5.0,5,7.0,11.0,11.0,0.0
IES_Lorca,F,17.0,Urbana,GT3,Juntos,1,4,servicios,profesor,reputacion,otro,2,2.0,0,no,si,no,si,si,si,si,no,2.0,1,4,1.0,5,1.0,14.0,14.0,14.0
IES_Lorca,M,19.0,Urbana,GT3,Juntos,4,0,servicios,otro,otro,otro,1,3.0,0,no,no,si,no,si,si,si,no,3.0,2,3,1.0,3,1.0,13.0,13.0,13.0
IES_Cervantes,F,22.0,Urbana,LE3,Juntos,1,1,sanidad,servicios,otro,padre,1,3.0,0,no,,no,no,si,si,si,no,5.0,2,3,3.0,4,8.0,12.0,13.0,16.0
IES_Lorca,M,17.0,Urbana,GT3,Juntos,4,1,hogar,hogar,cerca_casa,otro,2,1.0,1,no,si,no,si,si,si,si,no,3.0,3,3,1.0,1,3.0,11.0,11.0,12.0
IES_Lorca,F,,Urbana,GT3,Separados,1,2,profesora,otro,cerca_casa,madre,2,2.0,0,no,no,si,no,si,si,si,si,4.0,3,2,1.0,5,19.0,11.0,10.0,10.0
IES_Lorca,F,16.0,Urbana,GT3,Juntos,3,4,hogar,otro,reputacion,otro,3,4.0,0,no,no,no,si,si,si,si,si,4.0,1,5,1.0,5,1.0,14.0,14.0,13.0
IES_Cervantes,F,,Rural,GT3,Separados,1,3,servicios,hogar,cursos,madre,1,3.0,0,no,si,si,no,si,si,si,no,4.0,3,2,1.0,4,,13.0,14.0,14.0
IES_Lorca,M,18.0,Urbana,GT3,Juntos,4,4,profesora,profesor,cerca_casa,madre,1,2.0,0,no,si,no,no,si,si,no,no,3.0,3,3,1.0,5,18.0,13.0,13.0,13.0
IES_Lorca,F,15.0,Rural,GT3,Separados,4,1,profesora,profesor,cursos,madre,1,4.0,0,no,si,si,si,si,si,si,no,4.0,2,2,1.0,3,2.0,12.0,12.0,0.0
IES_Cervantes,M,15.0,Rural,GT3,Separados,1,2,otro,profesor,otro,otro,2,1.0,0,no,no,no,no,si,si,si,no,5.0,3,2,3.0,5,6.0,10.0,9.0,8.0
IES_Cervantes,M,17.0,Rural,LE3,Juntos,2,2,servicios,sanidad,reputacion,padre,3,2.0,0,no,no,si,no,si,si,si,no,,3,4,1.0,4,2.0,13.0,13.0,13.0
IES_Cervantes,M,16.0,Urbana,GT3,Juntos,3,1,servicios,sanidad,cerca_casa,padre,1,1.0,0,no,si,no,no,no,si,no,no,4.0,3,1,2.0,4,1.0,15.0,15.0,15.0
IES_Cervantes,M,19.0,Urbana,LE3,Juntos,2,1,otro,hogar,cursos,otro,1,3.0,2,no,no,si,no,si,si,no,no,3.0,4,4,2.0,4,5.0,6.0,6.0,7.0
IES_Lorca,F,22.0,Urbana,LE3,Juntos,1,3,servicios,profesor,reputacion,madre,1,2.0,1,no,si,no,no,si,si,si,no,5.0,5,1,3.0,4,0.0,10.0,9.0,8.0
IES_Lorca,F,21.0,Urbana,LE3,Juntos,4,2,profesora,hogar,otro,padre,2,1.0,0,no,no,no,no,si,si,si,no,4.0,5,4,4.0,2,8.0,11.0,11.0,12.0
IES_Cervantes,M,20.0,Urbana,GT3,Juntos,4,2,servicios,hogar,otro,otro,1,3.0,0,no,si,no,no,si,si,si,no,4.0,3,2,3.0,3,3.0,13.0,13.0,14.0
IES_Cervantes,M,22.0,Urbana,GT3,Juntos,2,1,hogar,profesor,cursos,padre,1,2.0,0,no,si,no,no,si,no,si,si,4.0,4,3,3.0,3,1.0,12.0,12.0,13.0
IES_Cervantes,M,20.0,Urbana,GT3,Separados,2,4,otro,servicios,reputacion,otro,3,3.0,1,no,si,no,no,no,si,si,no,4.0,2,3,3.0,5,2.0,13.0,13.0,12.0
IES_Cervantes,M,,Urbana,LE3,Separados,4,1,servicios,otro,otro,madre,1,3.0,0,no,si,si,si,si,si,si,no,1.0,3,4,1.0,4,2.0,14.0,16.0,15.0
IES_Lorca,M,16.0,Urbana,GT3,Juntos,4,2,sanidad,otro,cursos,padre,2,3.0,1,SI,no,si,si,si,si,si,no,4.0,5,3,1.0,3,1.0,12.0,12.0,11.0
IES_Cervantes,F,19.0,Urbana,GT3,Juntos,3,2,servicios,sanidad,cerca_casa,madre,2,,0,no,si,no,no,si,si,si,no,4.0,3,5,1.0,2,10.0,11.0,11.0,10.0
IES_Cervantes,F,19.0,Urbana,LE3,Juntos,3,3,sanidad,sanidad,cursos,madre,1,1.0,0,no,,si,si,si,no,si,no,5.0,3,2,1.0,3,1.0,14.0,14.0,14.0
IES_Cervantes,M,20.0,Urbana,GT3,Juntos,1,0,otro,hogar,cursos,otro,4,2.0,0,no,no,si,si,no,si,si,no,1.0,4,3,1.0,3,1.0,10.0,11.0,12.0
IES_Cervantes,F,21.0,Urbana,GT3,Juntos,1,3,otro,otro,cerca_casa,padre,3,2.0,0,si,no,no,no,no,si,si,no,5.0,4,2,2.0,3,0.0,12.0,13.0,0.0
IES_Cervantes,M,21.0,Urbana,GT3,Juntos,4,3,otro,otro,otro,otro,3,2.0,0,no,no,no,no,si,si,si,no,4.0,4,3,3.0,2,0.0,14.0,,12.0
IES_Cervantes,F,18.0,Rural,GT3,Juntos,4,2,otro,profesor,reputacion,otro,2,1.0,0,si,si,si,no,si,si,si,no,5.0,5,3,2.0,3,,12.0,10.0,11.0
IES_Cervantes,F,20.0,Urbana,GT3,Separados,2,3,otro,profesor,otro,madre,1,2.0,0,no,no,no,no,no,si,si,no,5.0,3,4,4.0,3,1.0,12.0,11.0,13.0
IES_Cervantes,M,19.0,Urbana,LE3,Juntos,0,2,profesora,otro,reputacion,madre,3,1.0,1,no,no,no,no,si,si,si,si,4.0,1,1,2.0,5,3.0,10.0,9.0,8.0
IES_Lorca,M,19.0,Urbana,GT3,Separados,3,3,otro,hogar,reputacion,madre,1,2.0,0,no,no,si,si,si,si,si,si,3.0,4,2,1.0,5,3.0,12.0,13.0,14.0
IES_Cervantes,F,22.0,Rural,GT3,Juntos,4,2,otro,profesor,cerca_casa,otro,3,,0,no,si,si,no,si,si,no,no,4.0,2,2,4.0,3,2.0,,12.0,10.0
IES_Cervantes,M,16.0,Urbana,GT3,Juntos,1,4,profesora,profesor,otro,padre,1,2.0,0,si,si,no,si,si,si,si,si,4.0,3,3,2.0,1,,11.0,9.0,9.0
IES_Lorca,M,18.0,Rural,GT3,Juntos,1,1,profesora,profesor,reputacion,otro,1,2.0,0,no,si,no,no,no,si,si,si,4.0,3,1,1.0,4,1.0,13.0,13.0,13.0
IES_Cervantes,F,19.0,Urbana,GT3,Juntos,1,2,servicios,sanidad,cursos,madre,1,2.0,0,no,si,si,si,no,si,si,si,3.0,5,3,2.0,4,,11.0,12.0,12.0
IES_Cervantes,F,19.0,Urbana,GT3,Separados,3,3,hogar,sanidad,cursos,madre,2,2.0,0,no,no,si,si,si,si,si,no,5.0,3,3,1.0,3,3.0,16.0,17.0,16.0
IES_Cervantes,M,22.0,Urbana,GT3,Juntos,4,2,profesora,profesor,cerca_casa,padre,2,1.0,0,no,si,si,si,si,si,no,si,4.0,3,2,1.0,3,3.0,,14.0,13.0
IES_Cervantes,M,19.0,Rural,GT3,Juntos,3,4,otro,hogar,otro,otro,2,3.0,0,no,no,si,si,no,si,si,si,4.0,2,4,3.0,4,3.0,13.0,13.0,13.0
IES_Cervantes,M,19.0,Rural,LE3,Juntos,0,4,otro,hogar,otro,padre,1,1.0,0,no,si,no,si,si,si,si,no,4.0,3,1,5.0,2,2.0,11.0,12.0,11.0
IES_Lorca,M,21.0,Rural,GT3,Juntos,4,3,servicios,hogar,cerca_casa,otro,1,2.0,1,no,si,no,si,si,si,si,no,5.0,2,4,1.0,5,0.0,11.0,10.0,10.0
IES_Cervantes,F,,Urbana,LE3,Juntos,3,2,otro,servicios,reputacion,madre,2,1.0,0,no,si,no,no,si,si,si,no,3.0,4,4,2.0,5,7.0,10.0,11.0,11.0
IES_Lorca,F,15.0,Rural,LE3,Juntos,1,4,profesora,profesor,cursos,madre,2,3.0,0,si,si,si,no,si,si,si,no,3.0,3,3,4.0,3,5.0,12.0,13.0,13.0
IES_Cervantes,F,17.0,Rural,GT3,Juntos,3,2,sanidad,hogar,otro,otro,1,2.0,0,si,no,si,si,si,si,no,si,3.0,5,1,3.0,5,8.0,13.0,13.0,14.0
IES_Cervantes,F,21.0,Urbana,GT3,Juntos,4,1,hogar,sanidad,otro,padre,2,,0,si,si,si,no,si,si,si,no,4.0,3,5,1.0,4,2.0,12.0,12.0,11.0
IES_Cervantes,F,15.0,Urbana,GT3,Separados,3,3,hogar,sanidad,cursos,otro,2,3.0,1,no,no,no,no,si,si,si,si,3.0,2,1,2.0,2,12.0,9.0,9.0,8.0
IES_Lorca,M,21.0,Urbana,GT3,Juntos,3,3,profesora,otro,cerca_casa,otro,2,1.0,0,no,no,no,no,si,no,si,no,4.0,4,3,1.0,3,7.0,11.0,11.0,11.0
IES_Lorca,M,19.0,Urbana,LE3,Juntos,3,2,otro,profesor,otro,madre,2,4.0,2,no,no,no,no,si,si,si,no,4.0,4,1,2.0,2,1.0,10.0,10.0,10.0
IES_Cervantes,F,16.0,Urbana,GT3,Juntos,1,1,hogar,profesor,cursos,padre,3,1.0,3,no,si,si,si,si,si,si,no,5.0,2,3,4.0,3,14.0,5.0,5.0,5.0
IES_Cervantes,M,17.0,Urbana,GT3,Juntos,2,4,servicios,hogar,reputacion,padre,2,2.0,0,no,si,si,no,si,si,si,si,5.0,2,3,,3,17.0,10.0,11.0,10.0
IES_Lorca,M,22.0,Urbana,LE3,Juntos,2,1,sanidad,servicios,cursos,padre,3,1.0,0,no,si,no,si,si,si,si,no,4.0,4,4,4.0,4,4.0,9.0,8.0,8.0
IES_Cervantes,F,19.0,Urbana,GT3,Juntos,3,2,sanidad,otro,cerca_casa,otro,3,2.0,1,si,si,si,no,si,si,si,no,4.0,4,1,3.0,5,0.0,13.0,12.0,13.0
IES_Lorca,F,22.0,Urbana,GT3,Juntos,4,1,hogar,sanidad,reputacion,madre,1,3.0,0,si,si,si,no,si,si,si,si,2.0,4,2,2.0,4,15.0,12.0,12.0,12.0
IES_Cervantes,M,21.0,Urbana,LE3,Juntos,2,1,sanidad,hogar,otro,padre,2,3.0,1,no,no,si,si,no,si,si,si,2.0,4,1,1.0,4,2.0,10.0,10.0,10.0
IES_Cervantes,F,15.0,Urbana,GT3,Juntos,2,0,servicios,otro,otro,padre,3,4.0,0,no,no,si,si,si,si,si,si,3.0,2,1,1.0,5,0.0,16.0,16.0,16.0
IES_Lorca,F,22.0,Urbana,GT3,Juntos,2,2,otro,sanidad,cerca_casa,otro,1,4.0,1,no,si,si,no,si,si,si,no,5.0,2,4,3.0,4,2.0,11.0,11.0,11.0
IES_Cervantes,M,22.0,Urbana,GT3,Juntos,3,4,otro,profesor,cerca_casa,otro,2,1.0,1,no,no,no,no,si,si,si,no,5.0,3,4,1.0,5,0.0,9.0,9.0,9.0
IES_Cervantes,F,20.0,Urbana,LE3,Juntos,3,4,sanidad,sanidad,reputacion,otro,2,3.0,0,no,si,no,no,no,si,no,no,1.0,3,3,2.0,3,4.0,13.0,12.0,11.0
IES_Lorca,M,21.0,Urbana,GT3,Juntos,3,3,profesora,servicios,otro,padre,1,2.0,2,no,si,si,no,no,si,si,no,3.0,3,1,2.0,4,1.0,9.0,8.0,7.0
IES_Cervantes,F,17.0,Urbana,GT3,Juntos,2,1,servicios,otro,cursos,otro,1,4.0,0,no,no,no,no,si,si,si,si,5.0,3,4,2.0,3,2.0,12.0,10.0,11.0
IES_Lorca,M,22.0,Urbana,GT3,Juntos,2,4,hogar,profesor,reputacion,padre,1,1.0,0,no,no,si,no,si,si,no,no,3.0,3,3,1.0,5,4.0,12.0,10.0,10.0
IES_Cervantes,F,20.0,Urbana,GT3,Separados,3,2,otro,profesor,cerca_casa,padre,1,2.0,0,no,no,no,no,si,si,si,no,4.0,3,4,3.0,4,1.0,13.0,14.0,13.0
IES_Cervantes,F,18.0,Urbana,GT3,Juntos,4,1,servicios,hogar,otro,padre,2,1.0,2,no,si,no,si,no,si,si,no,5.0,4,2,1.0,3,0.0,8.0,8.0,9.0
IES_Lorca,M,15.0,Rural,GT3,Separados,2,1,servicios,otro,reputacion,madre,1,2.0,0,no,si,no,si,no,si,si,no,3.0,3,2,3.0,5,5.0,12.0,12.0,12.0
IES_Cervantes,F,21.0,Urbana,LE3,Juntos,3,0,sanidad,servicios,cerca_casa,padre,2,1.0,2,no,si,no,si,no,no,si,si,3.0,2,1,2.0,3,5.0,8.0,7.0,7.0
IES_Cervantes,M,,Urbana,GT3,Juntos,1,4,profesora,sanidad,cerca_casa,otro,2,3.0,0,si,no,no,si,si,si,si,si,5.0,4,3,4.0,4,0.0,11.0,10.0,10.0
IES_Cervantes,F,15.0,Urbana,LE3,Juntos,3,1,hogar,otro,reputacion,padre,2,4.0,0,no,si,si,no,si,si,si,si,2.0,4,2,2.0,5,,14.0,15.0,0.0
IES_Cervantes,m,20.0,Urbana,LE3,Juntos,3,3,otro,sanidad,reputacion,madre,2,3.0,0,no,no,no,no,si,si,si,si,3.0,2,2,3.0,3,8.0,11.0,12.0,11.0
IES_Lorca,M,21.0,Urbana,GT3,Juntos,3,4,hogar,otro,otro,madre,1,,0,no,no,no,si,no,si,si,no,4.0,5,3,2.0,2,0.0,13.0,12.0,12.0
IES_Cervantes,M,18.0,Urbana,GT3,Juntos,3,2,servicios,otro,reputacion,padre,2,4.0,1,no,no,no,no,si,si,si,si,4.0,3,3,3.0,4,17.0,8.0,6.0,7.0
IES_Cervantes,F,22.0,Urbana,GT3,Juntos,1,2,hogar,hogar,otro,otro,1,4.0,2,no,no,no,si,si,no,si,no,3.0,2,4,5.0,5,0.0,8.0,10.0,10.0
IES_Cervantes,M,,Urbana,GT3,Juntos,3,4,servicios,servicios,reputacion,padre,1,2.0,0,no,si,no,si,si,si,si,no,4.0,5,4,3.0,2,,11.0,13.0,14.0
IES_Cervantes,F,21.0,Urbana,GT3,Juntos,1,3,profesora,hogar,reputacion,padre,2,1.0,1,no,si,si,si,si,si,si,no,4.0,5,3,2.0,4,2.0,12.0,12.0,13.0
IES_Cervantes,M,17.0,Urbana,GT3,Juntos,3,1,sanidad,sanidad,reputacion,madre,2,2.0,0,si,si,si,si,no,si,si,si,5.0,4,1,4.0,4,2.0,11.0,11.0,13.0
IES_Cervantes,M,20.0,Urbana,LE3,Juntos,1,1,otro,otro,reputacion,otro,2,1.0,0,no,si,no,si,si,si,si,no,5.0,4,1,2.0,1,5.0,12.0,10.0,10.0
IES_Cervantes,F,15.0,Urbana,GT3,Juntos,0,3,servicios,hogar,cursos,madre,1,1.0,0,no,no,no,si,si,si,si,no,3.0,4,3,1.0,5,1.0,12.0,12.0,12.0
IES_Lorca,F,20.0,Urbana,GT3,Juntos,1,1,servicios,sanidad,cursos,padre,1,3.0,3,no,no,no,no,si,si,no,no,4.0,3,2,4.0,4,0.0,6.0,5.0,4.0
IES_Lorca,m,18.0,Urbana,GT3,Juntos,3,1,hogar,servicios,cerca_casa,madre,1,2.0,3,no,no,no,si,si,si,no,si,5.0,5,2,3.0,4,7.0,6.0,6.0,6.0
IES_Cervantes,M,20.0,Urbana,LE3,Separados,1,3,hogar,profesor,cursos,madre,1,4.0,0,si,no,no,no,si,si,si,no,3.0,5,4,3.0,5,1.0,14.0,14.0,13.0
IES_Cervantes,F,20.0,Urbana,LE3,Juntos,2,4,profesora,sanidad,reputacion,madre,4,2.0,0,no,si,no,no,si,si,si,no,3.0,3,4,2.0,4,0.0,11.0,11.0,12.0
IES_Lorca,F,17.0,Urbana,LE3,Separados,1,4,otro,hogar,cerca_casa,otro,3,2.0,0,no,,si,no,si,si,si,si,4.0,4,4,2.0,4,0.0,12.0,13.0,12.0
IES_Lorca,M,20.0,Urbana,GT3,Juntos,3,2,otro,sanidad,otro,otro,1,4.0,0,no,si,no,no,si,si,no,no,4.0,4,4,2.0,4,,13.0,13.0,13.0
IES_Lorca,F,20.0,Urbana,GT3,Separados,3,2,servicios,servicios,reputacion,madre,2,2.0,0,no,,si,no,si,si,si,si,3.0,4,3,3.0,5,13.0,10.0,9.0,10.0
IES_Lorca,F,17.0,Urbana,GT3,Juntos,2,3,sanidad,sanidad,cerca_casa,padre,1,1.0,0,no,si,si,no,si,si,si,no,5.0,3,3,1.0,3,1.0,15.0,17.0,16.0
IES_Lorca,M,21.0,Urbana,GT3,Juntos,3,1,otro,sanidad,otro,padre,2,,0,no,si,no,no,si,si,no,si,4.0,4,2,1.0,4,0.0,13.0,12.0,12.0
IES_Cervantes,M,16.0,Urbana,GT3,Juntos,3,3,hogar,hogar,cerca_casa,madre,1,2.0,0,no,no,no,si,si,si,si,no,4.0,2,2,1.0,3,3.0,11.0,10.0,9.0
IES_Cervantes,F,19.0,Urbana,GT3,Separados,4,2,hogar,profesor,reputacion,otro,1,4.0,0,no,si,si,no,si,si,si,si,4.0,3,4,2.0,3,3.0,14.0,14.0,14.0
IES_Cervantes,F,16.0,Urbana,GT3,Juntos,4,1,profesora,hogar,reputacion,madre,1,3.0,0,no,no,no,no,si,si,no,si,,2,3,5.0,5,0.0,15.0,16.0,16.0
IES_Cervantes,F,22.0,Urbana,GT3,Separados,4,4,otro,sanidad,cerca_casa,padre,1,4.0,0,no,si,si,si,si,si,no,si,3.0,5,3,,5,3.0,17.0,18.0,19.0
IES_Cervantes,F,15.0,Rural,GT3,Juntos,1,3,otro,servicios,otro,otro,3,2.0,0,si,si,no,si,si,si,si,no,3.0,4,4,1.0,5,1.0,15.0,14.0,14.0
IES_Lorca,M,21.0,Urbana,LE3,Juntos,2,2,servicios,profesor,cerca_casa,otro,1,2.0,0,si,si,no,si,si,si,si,si,4.0,4,3,2.0,4,2.0,13.0,13.0,11.0
IES_Lorca,F,16.0,Rural,GT3,Juntos,3,4,servicios,sanidad,reputacion,otro,1,1.0,0,no,no,si,no,si,si,si,no,3.0,5,3,1.0,5,9.0,13.0,13.0,12.0
IES_Cervantes,M,19.0,Rural,GT3,Juntos,1,4,sanidad,sanidad,cursos,madre,1,3.0,0,no,si,si,no,si,si,si,no,4.0,4,1,1.0,2,7.0,16.0,17.0,17.0
IES_Cervantes,M,18.0,Urbana,GT3,Separados,4,2,servicios,sanidad,otro,otro,2,1.0,0,no,no,no,no,si,si,si,si,4.0,2,1,5.0,5,4.0,11.0,9.0,11.0
IES_Lorca,F,21.0,Rural,GT3,Juntos,3,3,servicios,hogar,reputacion,madre,2,2.0,0,no,si,no,no,si,si,si,no,4.0,3,2,3.0,5,2.0,14.0,14.0,13.0
IES_Cervantes,F,16.0,Urbana,LE3,Juntos,4,1,servicios,hogar,cursos,otro,4,2.0,0,no,no,si,no,si,si,si,no,4.0,4,3,2.0,2,3.0,13.0,13.0,14.0
IES_Cervantes,M,20.0,Rural,LE3,Juntos,1,2,otro,servicios,cursos,padre,2,4.0,0,no,no,no,no,si,si,si,no,5.0,3,4,1.0,1,3.0,12.0,12.0,12.0
IES_Lorca,F,20.0,Urbana,LE3,Juntos,2,4,hogar,otro,reputacion,otro,1,2.0,0,no,si,no,si,si,si,si,si,4.0,2,2,4.0,3,1.0,,12.0,13.0
IES_Lorca,F,15.0,Rural,LE3,Juntos,3,2,otro,servicios,cerca_casa,madre,1,2.0,0,no,no,si,si,si,si,NO,no,5.0,4,4,2.0,4,4.0,11.0,,10.0
IES_Lorca,M,16.0,Urbana,GT3,Juntos,2,4,servicios,sanidad,cerca_casa,madre,3,3.0,0,no,si,si,si,si,si,si,no,5.0,3,3,3.0,4,,14.0,12.0,12.0
IES_Cervantes,F,22.0,Urbana,GT3,Juntos,4,3,profesora,servicios,reputacion,otro,1,2.0,1,no,no,no,si,si,si,si,si,,3,4,2.0,4,17.0,9.0,9.0,7.0
IES_Cervantes,M,18.0,Rural,GT3,Separados,4,1,servicios,otro,cursos,otro,2,2.0,0,no,si,no,si,si,si,si,no,4.0,4,4,2.0,3,4.0,14.0,12.0,13.0
IES_Lorca,F,15.0,Rural,GT3,Juntos,3,4,profesora,sanidad,cerca_casa,padre,3,4.0,0,no,no,no,si,si,no,si,no,5.0,1,3,2.0,1,3.0,13.0,13.0,13.0
IES_Lorca,M,16.0,Urbana,GT3,Separados,4,2,otro,profesor,cerca_casa,padre,1,1.0,0,no,no,no,si,si,si,no,no,4.0,2,2,1.0,3,5.0,10.0,,10.0
IES_Cervantes,F,16.0,Urbana,GT3,Juntos,3,4,otro,servicios,cursos,otro,1,2.0,0,no,si,si,si,si,si,si,si,5.0,2,3,3.0,3,3.0,14.0,14.0,14.0
IES_Cervantes,M,22.0,Urbana,GT3,Juntos,0,0,otro,servicios,otro,madre,1,1.0,0,no,no,no,si,si,si,si,si,5.0,3,1,2.0,2,5.0,12.0,13.0,14.0
IES_Lorca,M,22.0,Urbana,GT3,Juntos,4,4,otro,profesor,otro,otro,1,2.0,0,si,no,si,no,si,si,si,no,4.0,2,3,3.0,4,0.0,15.0,18.0,18.0
IES_Cervantes,m,19.0,Urbana,GT3,Juntos,4,1,servicios,sanidad,cursos,madre,1,2.0,3,no,no,si,si,si,si,si,si,2.0,1,3,,4,23.0,3.0,4.0,4.0
IES_Lorca,M,19.0,Urbana,GT3,Juntos,4,4,hogar,servicios,otro,madre,3,2.0,1,no,si,no,no,si,si,no,no,4.0,3,1,2.0,4,2.0,10.0,10.0,8.0
IES_Cervantes,M,20.0,Urbana,LE3,Juntos,4,1,hogar,otro,cerca_casa,madre,2,3.0,1,no,no,no,no,si,si,si,no,5.0,2,3,1.0,4,1.0,,13.0,14.0
IES_Lorca,M,21.0,Urbana,GT3,Juntos,4,2,servicios,sanidad,reputacion,padre,3,3.0,0,no,si,si,no,si,si,si,no,4.0,4,2,1.0,4,1.0,14.0,14.0,14.0
IES_Cervantes,F,20.0,Urbana,LE3,Juntos,3,2,otro,profesor,reputacion,madre,2,2.0,1,si,si,no,si,si,si,si,si,3.0,4,3,,4,1.0,7.0,7.0,7.0
IES_Cervantes,m,16.0,Rural,LE3,Juntos,1,4,servicios,hogar,cursos,otro,3,1.0,2,no,no,si,si,si,si,si,si,4.0,2,3,3.0,3,1.0,5.0,6.0,5.0
IES_Lorca,M,19.0,Urbana,LE3,Juntos,3,2,hogar,hogar,cursos,madre,1,3.0,0,no,si,no,no,no,si,si,no,3.0,4,3,1.0,5,,13.0,13.0,14.0
IES_Cervantes,F,,Urbana,LE3,Separados,3,4,hogar,hogar,cursos,madre,1,2.0,0,SI,no,no,no,si,si,si,si,3.0,3,3,1.0,3,1.0,12.0,12.0,0.0
IES_Lorca,M,,Rural,GT3,Juntos,1,2,otro,hogar,otro,madre,3,1.0,0,no,si,no,si,si,si,si,si,3.0,3,1,3.0,4,,13.0,12.0,0.0
IES_Cervantes,M,17.0,Urbana,GT3,Juntos,2,3,sanidad,hogar,reputacion,madre,1,2.0,0,no,si,si,si,si,no,si,no,3.0,4,3,4.0,4,7.0,10.0,10.0,8.0
IES_Cervantes,M,20.0,Urbana,GT3,Juntos,0,2,profesora,sanidad,otro,madre,1,3.0,0,si,si,no,no,si,si,si,si,2.0,2,3,3.0,4,9.0,10.0,11.0,12.0
IES_Lorca,F,17.0,Rural,GT3,Separados,2,3,servicios,sanidad,cerca_casa,otro,2,3.0,0,no,si,no,no,no,si,si,no,4.0,4,4,3.0,3,11.0,13.0,11.0,11.0
IES_Cervantes,M,18.0,Urbana,GT3,Juntos,3,1,otro,profesor,cursos,padre,2,1.0,0,no,no,si,si,si,si,si,si,4.0,4,3,4.0,4,0.0,9.0,10.0,10.0
IES_Cervantes,F,17.0,Urbana,GT3,Juntos,4,3,profesora,servicios,otro,madre,3,,0,no,si,si,no,no,si,si,no,2.0,5,5,1.0,5,0.0,15.0,14.0,12.0
IES_Cervantes,F,20.0,Urbana,GT3,Juntos,4,1,profesora,otro,cursos,otro,1,4.0,1,no,si,si,si,si,si,si,no,5.0,4,1,1.0,5,1.0,14.0,14.0,14.0
IES_Cervantes,F,18.0,Urbana,GT3,Juntos,1,4,hogar,servicios,cursos,padre,1,1.0,1,no,si,si,si,no,si,si,no,4.0,4,1,1.0,5,8.0,9.0,10.0,9.0
IES_Cervantes,F,21.0,Urbana,GT3,Juntos,4,2,profesora,hogar,cerca_casa,madre,1,4.0,0,no,no,no,si,no,si,si,no,5.0,4,5,4.0,1,0.0,13.0,11.0,12.0
IES_Cervantes,M,22.0,Urbana,LE3,Separados,3,1,hogar,otro,cerca_casa,otro,1,3.0,0,si,no,no,no,si,si,si,no,4.0,2,3,2.0,4,,12.0,12.0,12.0
IES_Lorca,M,22.0,Urbana,GT3,Juntos,1,1,servicios,sanidad,cursos,padre,1,1.0,0,no,si,no,no,no,si,si,no,2.0,2,2,4.0,3,6.0,8.0,7.0,8.0
IES_Lorca,F,16.0,Rural,GT3,Juntos,3,2,sanidad,profesor,reputacion,madre,2,2.0,1,no,si,no,si,si,si,si,no,4.0,4,3,4.0,3,2.0,9.0,9.0,8.0
IES_Cervantes,F,16.0,Urbana,GT3,Juntos,2,2,sanidad,otro,cursos,otro,1,2.0,0,si,si,no,si,si,si,si,si,4.0,4,3,1.0,5,2.0,14.0,14.0,13.0
IES_Cervantes,F,17.0,Rural,GT3,Juntos,1,2,otro,profesor,cursos,otro,2,2.0,0,SI,si,si,si,si,si,si,no,4.0,5,3,4.0,4,0.0,10.0,10.0,10.0
IES_Lorca,M,22.0,Rural,LE3,Juntos,3,3,otro,servicios,cerca_casa,madre,2,3.0,1,no,no,no,no,si,si,si,no,4.0,4,4,3.0,5,4.0,11.0,11.0,12.0
IES_Lorca,M,15.0,Urbana,GT3,Juntos,2,1,sanidad,servicios,cursos,otro,2,1.0,0,no,si,si,si,si,si,si,si,5.0,4,3,1.0,5,17.0,12.0,13.0,13.0
IES_Cervantes,F,15.0,Urbana,LE3,Juntos,4,2,sanidad,otro,reputacion,padre,1,2.0,0,no,si,si,si,si,no,no,no,5.0,3,2,3.0,3,7.0,9.0,8.0,8.0
IES_Lorca,M,18.0,Rural,LE3,Juntos,3,2,hogar,otro,reputacion,madre,4,4.0,0,no,si,si,si,si,si,si,no,3.0,2,3,4.0,5,0.0,14.0,14.0,14.0
IES_Lorca,M,18.0,Urbana,GT3,Juntos,4,1,otro,profesor,otro,otro,4,1.0,0,no,si,no,si,no,si,si,no,5.0,1,3,1.0,3,0.0,14.0,14.0,14.0
IES_Lorca,M,22.0,Urbana,LE3,Juntos,2,4,sanidad,servicios,reputacion,otro,2,1.0,0,no,si,si,si,si,si,no,no,2.0,3,5,2.0,5,2.0,11.0,11.0,11.0
IES_Cervantes,F,19.0,Urbana,LE3,Separados,1,4,hogar,sanidad,reputacion,padre,2,2.0,0,no,si,no,si,si,si,si,si,2.0,1,2,2.0,3,2.0,11.0,11.0,12.0
IES_Lorca,F,15.0,Rural,LE3,Juntos,4,4,hogar,otro,reputacion,madre,4,2.0,0,no,si,si,si,si,si,si,no,,3,2,2.0,4,2.0,17.0,18.0,0.0
IES_Lorca,M,19.0,Urbana,LE3,Separados,1,2,hogar,profesor,otro,otro,1,3.0,0,no,,si,no,no,si,si,no,3.0,2,3,1.0,5,10.0,13.0,14.0,15.0
IES_Cervantes,M,16.0,Urbana,GT3,Juntos,3,4,otro,servicios,otro,madre,1,1.0,0,si,no,no,si,si,si,si,no,5.0,3,2,1.0,3,2.0,14.0,14.0,15.0
IES_Cervantes,M,16.0,Urbana,GT3,Separados,4,1,profesora,sanidad,otro,otro,1,2.0,0,no,no,no,no,si,si,si,no,5.0,3,3,2.0,2,1.0,14.0,15.0,15.0
IES_Cervantes,M,21.0,Urbana,GT3,Juntos,1,3,hogar,profesor,otro,otro,2,,0,si,si,no,si,no,si,si,no,5.0,4,3,4.0,2,,9.0,11.0,11.0
IES_Cervantes,M,18.0,Rural,GT3,Juntos,1,0,servicios,otro,cerca_casa,padre,1,2.0,0,si,si,no,no,si,si,si,no,5.0,3,3,4.0,4,1.0,11.0,11.0,12.0
IES_Cervantes,F,20.0,Urbana,LE3,Juntos,2,1,profesora,otro,cerca_casa,madre,4,2.0,0,no,si,no,si,si,si,si,si,5.0,3,5,2.0,3,,15.0,15.0,16.0
IES_Lorca,F,19.0,Urbana,LE3,Juntos,1,4,sanidad,sanidad,otro,padre,1,3.0,0,no,si,si,no,si,si,si,si,3.0,5,2,1.0,5,10.0,13.0,15.0,16.0
IES_Lorca,M,17.0,Urbana,GT3,Juntos,2,3,profesora,servicios,reputacion,padre,2,1.0,0,si,no,si,si,no,si,si,no,4.0,5,3,3.0,5,2.0,12.0,10.0,10.0
IES_Lorca,M,16.0,Urbana,GT3,Juntos,2,2,profesora,otro,cursos,otro,3,3.0,0,no,si,si,no,no,si,si,no,5.0,4,1,2.0,4,4.0,13.0,11.0,12.0
IES_Cervantes,M,15.0,Rural,GT3,Separados,1,3,hogar,profesor,cursos,otro,3,1.0,0,no,no,no,no,si,si,si,no,3.0,4,4,1.0,3,3.0,11.0,11.0,11.0
IES_Cervantes,M,16.0,Urbana,GT3,Juntos,4,2,sanidad,sanidad,otro,padre,2,2.0,0,no, si ,si,no,si,si,si,no,5.0,3,4,2.0,3,0.0,15.0,15.0,16.0
IES_Cervantes,F,19.0,Urbana,GT3,Separados,2,3,profesora,otro,otro,madre,2,3.0,1,no,no,si,si,si,si,no,si,4.0,4,2,1.0,5,1.0,15.0,16.0,17.0
IES_Cervantes,F,21.0,Urbana,GT3,Juntos,3,4,profesora,servicios,otro,otro,1,1.0,0,no,si,si,si,no,si,si,si,1.0,4,2,2.0,5,2.0,13.0,15.0,14.0
IES_Cervantes,M,15.0,Urbana,GT3,Juntos,0,2,profesora,hogar,cerca_casa,madre,2,2.0,1,no,si,no,no,no,si,si,si,5.0,4,3,2.0,3,9.0,9.0,9.0,0.0
IES_Lorca,F,19.0,Urbana,GT3,Juntos,1,4,profesora,servicios,otro,padre,2,2.0,0,no,no,no,si,si,no,si,no,1.0,4,2,3.0,3,3.0,14.0,13.0,14.0
IES_Cervantes,F,16.0,Urbana,GT3,Juntos,2,4,profesora,sanidad,otro,madre,2,3.0,0,no,si,si,no,no,si,si,no,4.0,3,4,1.0,3,7.0,12.0,12.0,11.0
IES_Cervantes,f,20.0,Urbana,GT3,Juntos,2,2,sanidad,otro,otro,madre,1,1.0,0,no,si,no,no,si,si,si,no,4.0,3,3,1.0,5,1.0,,11.0,12.0
IES_Lorca,M,22.0,Urbana,LE3,Juntos,4,3,otro,sanidad,reputacion,madre,1,3.0,0,no,no,si,si,no,si,si,no,4.0,4,3,2.0,3,12.0,13.0,11.0,11.0
IES_Lorca,F,17.0,Rural,GT3,Juntos,0,2,hogar,profesor,otro,madre,2,3.0,2,no,no,no,no,no,si,no,si,,5,3,2.0,5,8.0,6.0,5.0,4.0
IES_Lorca,F,21.0,Rural,LE3,Juntos,2,2,profesora,profesor,otro,padre,1,1.0,0,si,no,si,si,si,si,si,no,4.0,4,2,1.0,5,8.0,11.0,10.0,11.0
IES_Cervantes,F,16.0,Urbana,GT3,Juntos,1,3,servicios,profesor,reputacion,otro,1,4.0,1,no,no,si,si,no,si,si,no,5.0,3,4,1.0,5,4.0,13.0,13.0,0.0
IES_Lorca,f,,Rural,GT3,Juntos,4,2,hogar,sanidad,reputacion,madre,3,3.0,0,no,si,si,si,si,si,si,no,3.0,3,3,3.0,5,3.0,15.0,14.0,13.0
IES_Cervantes,M,,Urbana,LE3,Juntos,2,4,profesora,otro,otro,padre,1,1.0,0,no,no,no,si,si,si,si,no,4.0,3,4,1.0,4,2.0,12.0,13.0,14.0
IES_Cervantes,M,22.0,Urbana,GT3,Juntos,3,4,otro,otro,cursos,madre,1,3.0,0,SI,si,si,si,si,si,si,no,4.0,4,4,3.0,2,1.0,13.0,13.0,12.0
IES_Cervantes,F,22.0,Urbana,LE3,Juntos,4,1,sanidad,sanidad,cursos,padre,3,1.0,1,no,,no,si,si,si,si,no,2.0,4,5,4.0,5,6.0,10.0,9.0,11.0
IES_Cervantes,M,16.0,Urbana,LE3,Juntos,3,1,profesora,hogar,reputacion,padre,1,2.0,0,no,si,no,si,no,si,si,si,4.0,3,4,2.0,3,7.0,11.0,11.0,9.0
IES_Cervantes,M,19.0,Urbana,GT3,Juntos,0,2,sanidad,hogar,reputacion,madre,1,2.0,0,si,si,no,si,si,si,si,si,4.0,3,3,1.0,2,3.0,12.0,11.0,12.0
IES_Cervantes,F,,Urbana,GT3,Juntos,0,1,sanidad,servicios,otro,padre,2,2.0,0,no,no,no,si,si,si,si,no,4.0,4,3,1.0,3,1.0,12.0,13.0,0.0
IES_Cervantes,M,20.0,Urbana,LE3,Juntos,4,2,otro,hogar,cerca_casa,otro,1,1.0,0,no,si,si,si,si,si,si,no,4.0,3,4,1.0,4,3.0,14.0,14.0,15.0
IES_Cervantes,F,19.0,Rural,GT3,Separados,1,3,profesora,sanidad,cursos,madre,1,2.0,0,no,no,no,no,si,no,si,si,4.0,3,3,1.0,3,0.0,15.0,15.0,15.0
IES_Cervantes,M,15.0,Rural,GT3,Juntos,2,2,sanidad,otro,cursos,madre,2,3.0,0,no,no,no,no,si,si,si,no,4.0,3,5,1.0,1,8.0,12.0,10.0,11.0
IES_Lorca,F,21.0,Urbana,LE3,Juntos,4,4,profesora,hogar,cerca_casa,madre,1,2.0,0,no,no,no,no,si,si,si,no,2.0,4,5,1.0,4,6.0,15.0,14.0,16.0
IES_Cervantes,M,19.0,Urbana,GT3,Juntos,2,4,otro,sanidad,reputacion,madre,2,2.0,3,no,si,no,no,si,si,si,no,3.0,2,3,1.0,2,2.0,8.0,11.0,11.0
IES_Cervantes,M,16.0,Urbana,LE3,Separados,1,0,sanidad,profesor,reputacion,padre,1,1.0,1,no,si,si,no,si,si,no,si,4.0,2,4,1.0,1,1.0,9.0,8.0,8.0
IES_Cervantes,F,16.0,Rural,GT3,Juntos,3,0,profesora,hogar,cursos,padre,4,2.0,0,no,si,no,no,si,si,si,no,4.0,5,2,1.0,4,1.0,14.0,16.0,15.0
IES_Lorca,M,15.0,Rural,GT3,Juntos,4,4,profesora,servicios,cerca_casa,madre,2,2.0,1,no,si,no,si,no,si,no,si,4.0,5,4,1.0,1,2.0,13.0,13.0,14.0
IES_Lorca,F,22.0,Rural,GT3,Juntos,4,4,hogar,hogar,otro,otro,2,2.0,0,no,si,no,si,si,si,no,no,5.0,3,2,3.0,4,4.0,10.0,9.0,9.0
IES_Lorca,F,18.0,Urbana,LE3,Juntos,2,0,sanidad,profesor,cerca_casa,otro,4,2.0,0,no,si,si,si,si,si,si,no,4.0,2,3,4.0,3,3.0,11.0,11.0,11.0
IES_Cervantes,F,16.0,Urbana,GT3,Juntos,1,3,sanidad,sanidad,otro,madre,1,,0,no,no,si,no,si,si,si,no,4.0,3,3,5.0,4,2.0,11.0,11.0,10.0
IES_Cervantes,M,17.0,Urbana,GT3,Juntos,2,0,hogar,servicios,otro,padre,2,1.0,2,no, si ,no,no,si,si,si,si,4.0,4,2,,2,7.0,8.0,8.0,6.0
IES_Cervantes,F,19.0,Rural,GT3,Juntos,1,1,servicios,sanidad,reputacion,padre,1,2.0,0,no,si,si,si,si,si,no,no,4.0,2,2,2.0,5,4.0,12.0,13.0,12.0
IES_Cervantes,M,19.0,Urbana,LE3,Juntos,1,3,hogar,otro,reputacion,otro,4,3.0,0,no,no,no,si,si,si,si,no,4.0,2,3,3.0,3,3.0,13.0,11.0,11.0
IES_Lorca,M,17.0,Rural,GT3,Separados,4,4,sanidad,profesor,cerca_casa,madre,1,2.0,0,si,no,si,si,si,si,si,no,5.0,1,3,2.0,3,0.0,17.0,15.0,13.0
IES_Cervantes,M,18.0,Urbana,GT3,Juntos,4,0,sanidad,profesor,reputacion,otro,1,3.0,0,no,no,no,si,si,si,si,no,4.0,4,3,3.0,4,1.0,11.0,13.0,12.0
IES_Lorca,F,21.0,Urbana,GT3,Juntos,4,2,hogar,servicios,cursos,otro,3,2.0,0,no,si,no,no,si,no,si,no,4.0,5,2,1.0,3,5.0,11.0,10.0,10.0
IES_Cervantes,M,18.0,Rural,GT3,Separados,2,1,hogar,profesor,reputacion,madre,1,1.0,0,no,no,si,si,si,si,si,si,3.0,4,4,,3,4.0,10.0,10.0,10.0
IES_Cervantes,M,16.0,Urbana,GT3,Juntos,2,3,servicios,hogar,otro,padre,2,2.0,0,no,si,si,si,si,si,si,si,4.0,3,4,1.0,3,6.0,16.0,16.0,15.0
IES_Lorca,F,19.0,Urbana,GT3,Juntos,4,2,hogar,otro,otro,otro,4,3.0,0,no,si,si,no,si,si,NO,si,4.0,2,3,3.0,4,9.0,11.0,11.0,12.0
IES_Cervantes,F,20.0,Urbana,GT3,Separados,2,2,servicios,sanidad,otro,otro,2,2.0,0,si,,si,no,si,si,si,no,4.0,5,2,2.0,3,0.0,13.0,13.0,14.0
IES_Cervantes,M,18.0,Urbana,LE3,Juntos,3,4,hogar,sanidad,cerca_casa,padre,2,2.0,0,no,no,no,no,no,si,no,no,4.0,2,2,1.0,3,1.0,16.0,18.0,18.0
IES_Cervantes,M,21.0,Urbana,GT3,Separados,1,1,sanidad,otro,cursos,padre,2,3.0,0,no,no,no,no,si,si,si,no,2.0,3,4,2.0,4,9.0,13.0,13.0,14.0
IES_Cervantes,M,17.0,Urbana,LE3,Juntos,4,3,profesora,sanidad,reputacion,madre,4,2.0,0,si,si,no,no,si,si,si,no,4.0,5,3,1.0,3,0.0,13.0,14.0,13.0
IES_Cervantes,F,17.0,Urbana,GT3,Juntos,4,4,profesora,servicios,cerca_casa,otro,1,1.0,0,si,si,no,si,no,si,si,si,4.0,3,3,2.0,2,1.0,13.0,13.0,14.0
IES_Lorca,M,21.0,Rural,GT3,Separados,4,0,sanidad,otro,otro,otro,2,2.0,1,no,no,si,no,no,si,si,no,4.0,3,4,3.0,4,2.0,10.0,11.0,13.0
IES_Cervantes,M,15.0,Urbana,GT3,Juntos,1,1,profesora,profesor,cerca_casa,otro,2,2.0,0,no,si,si,si,no,si,si,no,2.0,1,5,3.0,3,3.0,9.0,8.0,8.0
IES_Lorca,m,16.0,Urbana,LE3,Juntos,4,3,hogar,servicios,cursos,otro,1,1.0,0,no,no,si,no,si,si,no,no,4.0,3,4,2.0,4,11.0,12.0,11.0,11.0
IES_Lorca,F,19.0,Rural,LE3,Juntos,4,1,hogar,servicios,cerca_casa,otro,1,1.0,0,no,si,no,si,no,si,si,si,4.0,4,3,1.0,3,6.0,10.0,10.0,12.0
IES_Lorca,F,18.0,Urbana,LE3,Separados,1,1,hogar,profesor,cerca_casa,otro,3,1.0,0,no,no,no,si,si,si,si,no,3.0,4,5,3.0,3,0.0,10.0,10.0,10.0
IES_Cervantes,F,21.0,Rural,GT3,Juntos,1,2,hogar,sanidad,cursos,padre,1,2.0,1,no,si,no,no,si,si,si,no,3.0,2,3,1.0,3,80.0,13.0,12.0,12.0
IES_Cervantes,M,22.0,Urbana,GT3,Juntos,2,4,otro,sanidad,reputacion,otro,2,4.0,0,no,si,no,si,si,si,si,no,4.0,4,3,3.0,3,1.0,15.0,15.0,0.0
IES_Lorca,F,19.0,Urbana,GT3,Juntos,2,4,hogar,sanidad,reputacion,otro,3,2.0,0,no,no,no,no,si,si,si,si,4.0,4,5,1.0,3,4.0,15.0,15.0,15.0
IES_Lorca,M,16.0,Urbana,GT3,Juntos,0,1,otro,servicios,cursos,padre,4,3.0,0,no,no,si,si,si,si,si,no,4.0,4,5,2.0,4,3.0,13.0,13.0,13.0
IES_Cervantes,M,16.0,Urbana,GT3,Juntos,2,4,servicios,profesor,cursos,padre,3,3.0,0,no,no,no,si,si,si,si,no,4.0,2,5,5.0,2,0.0,8.0,8.0,9.0
IES_Cervantes,M,22.0,Urbana,GT3,Juntos,2,2,profesora,sanidad,cerca_casa,padre,1,3.0,0,no,si,si,no,no,si,si,si,5.0,2,2,2.0,3,5.0,12.0,12.0,11.0
IES_Cervantes,F,20.0,Urbana,GT3,Juntos,1,1,otro,otro,otro,madre,4,3.0,1,no,si,si,no,si,si,no,si,4.0,5,5,3.0,4,1.0,7.0,,6.0
IES_Cervantes,M,20.0,Urbana,GT3,Juntos,2,2,hogar,otro,cerca_casa,madre,2,4.0,0,no,no,no,si,si,si,si,si,3.0,4,3,1.0,4,2.0,10.0,9.0,9.0
IES_Lorca,F,16.0,Urbana,LE3,Juntos,3,4,hogar,sanidad,cerca_casa,madre,1,1.0,1,no,no,no,no,si,si,no,no,4.0,2,4,2.0,4,22.0,6.0,7.0,8.0
IES_Cervantes,m,21.0,Urbana,GT3,Separados,1,4,servicios,sanidad,cerca_casa,otro,1,3.0,1,no,no,si,no,si,si,si,no,4.0,3,5,1.0,4,3.0,11.0,11.0,11.0
IES_Cervantes,F,21.0,Urbana,GT3,Separados,4,1,otro,hogar,otro,padre,3,2.0,0,no,si,si,si,si,si,si,no,2.0,3,1,3.0,3,3.0,14.0,12.0,12.0
IES_Cervantes,M,15.0,Urbana,GT3,Juntos,4,1,otro,hogar,cursos,otro,1,2.0,1,no,no,no,si,si,si,si,si,1.0,4,3,5.0,2,5.0,9.0,,10.0
IES_Lorca,M,21.0,Rural,GT3,Juntos,3,3,servicios,profesor,cursos,padre,1,2.0,0,SI,si,no,si,si,si,si,no,4.0,5,3,4.0,5,2.0,10.0,10.0,9.0
IES_Cervantes,M,20.0,Urbana,GT3,Juntos,3,2,hogar,servicios,cerca_casa,otro,1,2.0,0,no,si,no,si,si,si,si,si,4.0,4,5,1.0,5,,13.0,13.0,13.0
IES_Cervantes,M,17.0,Urbana,GT3,Juntos,0,4,sanidad,sanidad,cerca_casa,padre,1,2.0,0,si,si,si,no,si,si,si,no,2.0,4,3,3.0,3,1.0,10.0,8.0,9.0
IES_Cervantes,F,20.0,Urbana,LE3,Juntos,3,0,profesora,sanidad,cerca_casa,otro,1,4.0,0,no,si,no,no,si,si,si,si,3.0,3,3,1.0,5,3.0,17.0,17.0,18.0
IES_Lorca,M,15.0,Urbana,GT3,Juntos,3,1,profesora,profesor,cursos,otro,2,3.0,0,si,si,no,no,si,si,si,no,4.0,3,5,1.0,4,1.0,14.0,13.0,14.0
IES_Cervantes,F,20.0,Urbana,GT3,Juntos,2,3,otro,profesor,cursos,madre,2,2.0,0,no,no,no,no,si,si,no,no,3.0,2,2,3.0,5,1.0,14.0,12.0,11.0
IES_Cervantes,F,15.0,Urbana,LE3,Juntos,1,2,otro,sanidad,cerca_casa,madre,3,,0,no,si,si,si,no,no,si,no,4.0,4,3,1.0,4,8.0,11.0,10.0,9.0
IES_Lorca,F,19.0,Urbana,LE3,Juntos,4,1,otro,hogar,cursos,padre,2,3.0,0,no,si,no,no,no,si,si,no,4.0,2,4,1.0,3,5.0,12.0,13.0,0.0
IES_Cervantes,F,21.0,Urbana,GT3,Juntos,2,3,hogar,servicios,cerca_casa,padre,1,3.0,0,no,no,no,si,si,si,si,si,5.0,3,4,1.0,4,0.0,14.0,14.0,14.0
IES_Cervantes,M,22.0,Urbana,LE3,Juntos,3,3,hogar,profesor,reputacion,madre,1,2.0,0,no,no,no,si,no,si,si,no,4.0,3,1,4.0,1,60.0,10.0,10.0,9.0
IES_Lorca,f,22.0,Urbana,LE3,Juntos,4,1,servicios,hogar,cursos,otro,1,,0,no,si,no,no,si,si,si,no,4.0,4,3,3.0,5,3.0,14.0,13.0,12.0
IES_Lorca,F,22.0,Urbana,LE3,Separados,3,2,hogar,hogar,cerca_casa,padre,4,1.0,0,no,si,no,si,si,si,si,no,4.0,2,1,2.0,3,3.0,13.0,12.0,12.0
IES_Cervantes,M,22.0,Rural,GT3,Juntos,4,2,otro,sanidad,cursos,otro,2,3.0,0,no,no,no,no,si,si,si,si,5.0,3,3,4.0,3,1.0,12.0,14.0,13.0
IES_Cervantes,F,18.0,Urbana,GT3,Juntos,3,1,profesora,servicios,otro,madre,1,2.0,1,no,no,no,no,si,si,no,no,3.0,2,3,2.0,3,1.0,9.0,,10.0
IES_Cervantes,F,22.0,Urbana,LE3,Juntos,2,4,servicios,servicios,cerca_casa,otro,2,3.0,0,si,si,no,no,si,si,si,si,4.0,4,2,3.0,2,1.0,12.0,13.0,14.0
IES_Cervantes,M,18.0,Rural,GT3,Juntos,2,3,otro,sanidad,cerca_casa,otro,2,2.0,0,si,si,no,si,si,si,si,no,5.0,4,3,2.0,5,0.0,11.0,11.0,10.0
IES_Cervantes,f,19.0,Urbana,GT3,Juntos,4,3,hogar,sanidad,reputacion,padre,1,1.0,1,no,si,no,no,si,si,no,si,4.0,2,3,2.0,1,0.0,9.0,8.0,9.0
IES_Lorca,M,22.0,Urbana,GT3,Juntos,2,3,otro,otro,otro,otro,3,2.0,0,no,no,no,si,si,si,si,no,5.0,3,4,1.0,4,3.0,14.0,15.0,15.0
IES_Cervantes,M,16.0,Urbana,GT3,Separados,1,1,sanidad,sanidad,cerca_casa,madre,1,3.0,0,no,no,si,si,si,si,si,no,4.0,1,2,2.0,3,1.0,12.0,13.0,13.0
IES_Cervantes,M,18.0,Urbana,GT3,Juntos,2,2,servicios,otro,cursos,padre,1,1.0,2,no,no,no,no,si,si,si,si,2.0,5,3,1.0,5,4.0,8.0,9.0,8.0
IES_Cervantes,F,,Urbana,GT3,Juntos,4,4,hogar,otro,cursos,madre,1,1.0,0,no,no,no,si,si,si,si,no,2.0,2,3,1.0,3,1.0,13.0,13.0,13.0
IES_Cervantes,F,15.0,Urbana,LE3,Juntos,2,4,servicios,sanidad,reputacion,madre,2,1.0,0,si,si,no,no,si,no,si,no,3.0,4,4,1.0,5,0.0,14.0,12.0,13.0
IES_Cervantes,M,21.0,Rural,GT3,Separados,3,1,hogar,servicios,cerca_casa,otro,1,4.0,0,no,no,no,no,si,si,si,no,5.0,5,4,1.0,3,0.0,13.0,13.0,13.0
IES_Cervantes,M,17.0,Urbana,GT3,Separados,2,0,sanidad,hogar,cerca_casa,madre,1,2.0,2,no,no,si,no,si,si,no,si,4.0,4,3,3.0,5,0.0,11.0,11.0,9.0
IES_Cervantes,F,,Urbana,GT3,Juntos,2,2,otro,profesor,reputacion,otro,1,,3,no,si,no,no,si,si,si,no,3.0,3,3,1.0,5,,9.0,8.0,10.0
IES_Cervantes,M,,Rural,GT3,Juntos,1,2,hogar,otro,reputacion,padre,1,3.0,0,no,si,si,si,si,si,si,no,4.0,3,5,2.0,5,9.0,12.0,11.0,10.0
IES_Lorca,F,15.0,Urbana,GT3,Separados,2,4,hogar,sanidad,cerca_casa,padre,1,4.0,0,no,si,no,si,no,si,si,no,4.0,4,4,4.0,5,0.0,17.0,15.0,16.0
IES_Cervantes,F,17.0,Urbana,GT3,Separados,1,2,servicios,servicios,cerca_casa,madre,1,3.0,0,no,,no,si,no,si,si,no,2.0,3,2,3.0,5,5.0,,14.0,14.0
IES_Cervantes,M,16.0,Urbana,GT3,Juntos,0,4,hogar,sanidad,cerca_casa,padre,1,3.0,0,no,si,si,no,si,si,no,si,3.0,2,1,3.0,5,1.0,13.0,13.0,14.0
IES_Lorca,M,18.0,Urbana,GT3,Juntos,1,3,otro,servicios,reputacion,otro,1,3.0,1,no,no,no,si,si,si,si,no,5.0,4,3,4.0,5,21.0,7.0,7.0,7.0
IES_Cervantes,F,18.0,Rural,GT3,Juntos,1,4,hogar,servicios,otro,otro,1,2.0,3,no,si,si,si,no,si,si,no,2.0,1,5,1.0,5,1.0,8.0,8.0,7.0
IES_Cervantes,M,18.0,Rural,GT3,Juntos,1,1,hogar,servicios,cursos,padre,1,1.0,0,no,,no,si,si,si,si,no,4.0,3,4,1.0,2,0.0,11.0,11.0,10.0
IES_Lorca,F,22.0,Urbana,GT3,Juntos,3,3,hogar,hogar,cerca_casa,padre,1,3.0,0,no,si,si,si,si,si,si,si,4.0,3,4,4.0,3,1.0,13.0,12.0,12.0
IES_Cervantes,M,19.0,Urbana,GT3,Juntos,2,4,hogar,sanidad,cursos,padre,1,1.0,0,no,si,si,si,no,si,si,si,5.0,4,3,2.0,4,14.0,10.0,10.0,9.0
IES_Cervantes,F,20.0,Rural,GT3,Juntos,3,2,sanidad,servicios,otro,padre,1,2.0,2,no,si,si,si,no,si,si,no,4.0,3,3,,2,7.0,6.0,6.0,5.0
IES_Cervantes,M,20.0,Urbana,GT3,Juntos,0,3,servicios,otro,cerca_casa,madre,1,2.0,1,no,si,no,si,si,si,si,si,3.0,3,2,4.0,5,0.0,11.0,9.0,10.0
IES_Lorca,M,21.0,Urbana,GT3,Juntos,1,1,otro,profesor,reputacion,madre,1,3.0,0,no,no,no,si,si,si,si,no,4.0,2,3,5.0,4,4.0,10.0,9.0,10.0
IES_Cervantes,F,16.0,Urbana,GT3,Juntos,1,1,servicios,servicios,cursos,madre,1,4.0,0,no,si,no,no,si,si,si,si,3.0,4,3,5.0,5,4.0,12.0,11.0,13.0
IES_Lorca,F,15.0,Urbana,GT3,Juntos,4,3,sanidad,sanidad,cursos,madre,3,4.0,1,no,si,si,no,no,si,si,no,,3,2,4.0,5,10.0,9.0,9.0,9.0
IES_Cervantes,M,20.0,Urbana,GT3,Juntos,4,2,hogar,hogar,cerca_casa,padre,3,3.0,0,si,si,si,no,no,si,si,no,4.0,4,2,2.0,3,2.0,,15.0,14.0
IES_Cervantes,F,15.0,Rural,GT3,Juntos,4,3,profesora,profesor,cerca_casa,madre,1,3.0,0,no,no,no,no,no,si,si,si,3.0,3,4,4.0,4,5.0,11.0,12.0,13.0
IES_Cervantes,F,18.0,Rural,GT3,Juntos,4,2,servicios,sanidad,otro,otro,1,3.0,0,si,si,no,si,no,si,si,no,1.0,5,1,5.0,5,,12.0,14.0,13.0
IES_Cervantes,M,22.0,Rural,LE3,Juntos,4,4,sanidad,hogar,otro,madre,2,1.0,0,no,si,si,si,si,si,si,no,5.0,4,3,1.0,4,2.0,15.0,,16.0
IES_Lorca,M,17.0,Urbana,GT3,Juntos,3,1,hogar,otro,cerca_casa,madre,1,4.0,0,no,si,no,no,si,si,no,no,5.0,4,4,5.0,5,1.0,15.0,13.0,12.0
IES_Lorca,F,18.0,Urbana,LE3,Juntos,3,0,profesora,hogar,reputacion,padre,1,4.0,1,no,si,si,no,si,si,si,si,1.0,3,1,1.0,4,3.0,12.0,13.0,11.0
IES_Cervantes,F,18.0,Rural,GT3,Juntos,2,0,hogar,otro,otro,padre,1,1.0,0,SI,no,si,no,si,si,si,no,4.0,2,5,4.0,3,1.0,11.0,13.0,13.0
IES_Lorca,M,22.0,Urbana,GT3,Juntos,3,4,hogar,profesor,cursos,padre,1,1.0,1,no,si,no,no,si,si,si,si,3.0,1,3,4.0,3,1.0,9.0,8.0,9.0
IES_Cervantes,F,19.0,Urbana,LE3,Juntos,3,4,otro,servicios,reputacion,padre,1,3.0,0,no,no,si,si,si,si,no,no,5.0,3,3,1.0,2,7.0,14.0,13.0,0.0
IES_Cervantes,M,17.0,Urbana,GT3,Juntos,4,4,sanidad,otro,cerca_casa,madre,1,2.0,1,no,si,si,si,si,si,si,si,4.0,3,3,1.0,3,1.0,12.0,12.0,13.0
IES_Cervantes,M,17.0,Urbana,GT3,Juntos,2,4,sanidad,otro,reputacion,madre,1,4.0,0,no,si,si,si,si,si,si,no,5.0,1,3,1.0,5,0.0,15.0,14.0,14.0
IES_Lorca,F,19.0,Rural,GT3,Separados,3,3,otro,hogar,cursos,madre,2,4.0,0,no,si,no,si,si,si,si,no,4.0,3,1,1.0,3,2.0,15.0,16.0,17.0
IES_Lorca,M,15.0,Urbana,LE3,Juntos,0,3,sanidad,sanidad,cerca_casa,padre,1,2.0,0,no,si,no,si,si,si,si,no,4.0,3,3,1.0,2,5.0,10.0,10.0,10.0
IES_Lorca,F,18.0,Rural,GT3,Juntos,4,4,sanidad,servicios,otro,padre,3,1.0,1,no,si,si,si,si,si,si,si,4.0,5,5,1.0,5,11.0,9.0,8.0,9.0
IES_Cervantes,F,15.0,Urbana,GT3,Juntos,3,2,sanidad,sanidad,cerca_casa,otro,2,3.0,0,no,no,si,si,si,si,si,no,4.0,2,4,1.0,5,3.0,12.0,,14.0
IES_Cervantes,F,21.0,Urbana,GT3,Separados,1,3,sanidad,hogar,cursos,padre,2,1.0,0,no,si,si,si,si,si,si,no,4.0,4,2,1.0,2,4.0,12.0,13.0,13.0
IES_Cervantes,m,19.0,Urbana,GT3,Juntos,0,2,profesora,otro,reputacion,madre,3,4.0,2,no, si ,no,si,no,si,si,no,5.0,4,4,1.0,2,5.0,9.0,9.0,10.0
IES_Cervantes,M,,Rural,GT3,Juntos,1,3,hogar,sanidad,cerca_casa,madre,3,4.0,0,no,si,si,no,si,si,si,si,1.0,3,3,4.0,3,6.0,14.0,16.0,16.0
IES_Lorca,F,16.0,Urbana,GT3,Juntos,2,3,servicios,hogar,reputacion,padre,3,4.0,0,no,no,no,si,si,si,si,si,5.0,4,2,4.0,3,2.0,11.0,12.0,13.0
IES_Cervantes,F,20.0,Urbana,GT3,Juntos,3,4,otro,hogar,otro,otro,2,2.0,0,no,si,no,no,si,si,si,si,4.0,3,4,3.0,4,0.0,14.0,15.0,15.0
IES_Cervantes,F,22.0,Rural,GT3,Juntos,3,4,profesora,sanidad,cerca_casa,otro,3,1.0,0,no,no,si,si,si,si,si,si,4.0,3,5,5.0,3,1.0,10.0,10.0,11.0
IES_Cervantes,M,19.0,Rural,GT3,Juntos,2,3,otro,profesor,cursos,madre,1,3.0,0,si,,no,si,si,no,no,no,5.0,3,3,,5,2.0,13.0,13.0,13.0
IES_Cervantes,F,20.0,Urbana,GT3,Separados,4,1,profesora,hogar,otro,padre,1,2.0,0,no,si,si,no,si,si,si,no,1.0,5,3,1.0,4,2.0,15.0,14.0,15.0
IES_Lorca,M,21.0,Urbana,LE3,Juntos,1,3,otro,hogar,reputacion,otro,1,2.0,0,no,si,si,no,si,si,si,no,2.0,2,4,2.0,5,10.0,10.0,11.0,0.0
IES_Cervantes,M,15.0,Urbana,LE3,Juntos,1,2,hogar,profesor,cerca_casa,madre,1,3.0,0,si,no,no,no,si,si,si,no,5.0,3,3,5.0,5,7.0,11.0,11.0,0.0
IES_Lorca,F,22.0,Urbana,GT3,Separados,4,2,sanidad,hogar,reputacion,otro,3,1.0,1,no,no,no,si,si,si,si,no,4.0,1,1,3.0,4,1.0,12.0,14.0,14.0
IES_Cervantes,F,22.0,Urbana,GT3,Separados,3,1,servicios,servicios,cerca_casa,otro,2,2.0,0,si,si,no,no,si,si,si,no,5.0,2,3,3.0,4,8.0,8.0,8.0,8.0
IES_Cervantes,F,17.0,Rural,LE3,Juntos,2,1,otro,servicios,cursos,otro,2,,2,no,si,no,no,no,no,si,no,5.0,2,2,4.0,3,0.0,6.0,7.0,6.0
IES_Cervantes,M,20.0,Rural,GT3,Juntos,2,0,servicios,otro,cerca_casa,padre,2,3.0,0,no,si,si,si,si,si,si,no,3.0,5,4,3.0,4,8.0,12.0,12.0,12.0
IES_Cervantes,F,22.0,Urbana,GT3,Juntos,4,3,otro,otro,otro,padre,3,2.0,3,no,si,si,si,si,si,si,no,4.0,3,2,1.0,4,25.0,4.0,4.0,3.0
IES_Cervantes,F,20.0,Urbana,LE3,Juntos,4,2,profesora,profesor,otro,otro,2,2.0,1,no,si,no,no,si,si,si,no,5.0,5,2,1.0,5,4.0,14.0,15.0,15.0
IES_Cervantes,F,15.0,Rural,LE3,Juntos,4,0,profesora,hogar,reputacion,otro,1,2.0,1,no,no,no,no,no,no,si,no,4.0,1,5,3.0,3,4.0,9.0,9.0,8.0
IES_Lorca,M,15.0,Urbana,LE3,Separados,0,4,otro,otro,cursos,padre,3,1.0,0,SI,si,no,si,si,si,si,no,4.0,2,3,1.0,3,0.0,12.0,11.0,10.0
IES_Cervantes,F,19.0,Rural,GT3,Juntos,0,2,hogar,servicios,cerca_casa,otro,1,4.0,0,no,si,si,no,si,si,si,si,4.0,5,3,3.0,5,12.0,9.0,8.0,10.0
IES_Cervantes,m,22.0,Urbana,GT3,Juntos,3,2,hogar,profesor,otro,padre,1,2.0,0,no,si,si,no,no,si,si,si,5.0,3,2,1.0,3,3.0,14.0,14.0,15.0
IES_Cervantes,F,21.0,Urbana,GT3,Juntos,3,0,sanidad,otro,cursos,madre,1,2.0,1,no,si,no,no,si,si,no,no,4.0,5,3,1.0,5,2.0,14.0,16.0,15.0
IES_Lorca,F,19.0,Urbana,GT3,Juntos,1,2,otro,otro,cursos,padre,3,2.0,0,si,no,si,no,si,si,si,no,4.0,4,5,2.0,5,2.0,11.0,12.0,12.0
IES_Cervantes,M,15.0,Rural,LE3,Juntos,1,2,otro,sanidad,cursos,otro,1,1.0,0,si,,no,si,si,si,si,no,4.0,4,5,,2,,8.0,7.0,8.0
IES_Lorca,M,21.0,Rural,LE3,Juntos,3,3,sanidad,profesor,reputacion,madre,1,3.0,0,no,no,no,si,si,si,si,no,5.0,3,5,2.0,3,4.0,10.0,9.0,9.0
IES_Cervantes,M,21.0,Rural,GT3,Juntos,3,2,otro,otro,cursos,padre,1,,0,si,si,si,no,si,no,no,no,3.0,4,3,2.0,5,11.0,10.0,9.0,11.0
IES_Cervantes,M,16.0,Rural,LE3,Juntos,3,4,profesora,profesor,reputacion,padre,1,4.0,0,no,no,no,no,si,si,si,no,3.0,1,3,3.0,2,3.0,13.0,14.0,14.0
IES_Cervantes,F,22.0,Rural,GT3,Juntos,1,2,otro,sanidad,otro,otro,2,1.0,0,si,si,no,si,si,si,si,no,,3,5,3.0,5,0.0,12.0,13.0,14.0
IES_Cervantes,F,21.0,Urbana,GT3,Juntos,3,2,servicios,servicios,cerca_casa,otro,2,2.0,0,no,si,si,no,no,no,si,si,5.0,2,2,3.0,3,6.0,11.0,12.0,13.0
IES_Lorca,F,22.0,Urbana,GT3,Separados,2,1,otro,servicios,reputacion,otro,1,2.0,1,no, si ,si,no,no,si,si,no,3.0,3,1,3.0,5,3.0,9.0,9.0,10.0
IES_Lorca,F,18.0,Urbana,LE3,Separados,4,2,hogar,profesor,cursos,otro,1,1.0,0,no,no,si,no,si,si,si,si,1.0,4,2,1.0,5,1.0,13.0,14.0,15.0
IES_Lorca,F,,Rural,GT3,Separados,3,2,profesora,otro,reputacion,padre,2,4.0,1,no,si,no,no,si,si,si,no,3.0,3,3,1.0,3,,,12.0,11.0
IES_Cervantes,F,18.0,Rural,GT3,Juntos,4,2,otro,servicios,reputacion,otro,2,2.0,0,si,si,si,si,si,si,si,no,4.0,3,4,2.0,5,6.0,14.0,13.0,13.0
IES_Cervantes,F,17.0,Urbana,GT3,Juntos,2,3,hogar,hogar,reputacion,otro,3,2.0,0,no,si,si,no,si,si,no,no,4.0,4,3,1.0,5,2.0,15.0,14.0,12.0
IES_Cervantes,M,19.0,Rural,GT3,Separados,4,1,sanidad,profesor,cursos,padre,2,1.0,0,no,si,no,no,si,si,si,no,4.0,2,2,1.0,2,0.0,12.0,,12.0
IES_Cervantes,F,16.0,Urbana,GT3,Juntos,3,3,otro,otro,reputacion,madre,1,3.0,0,no,no,no,no,si,si,si,no,5.0,3,1,5.0,2,0.0,13.0,12.0,11.0
IES_Lorca,m,21.0,Urbana,GT3,Juntos,3,3,sanidad,profesor,otro,otro,2,2.0,2,si,si,no,no,si,si,si,no,4.0,3,3,1.0,4,0.0,11.0,12.0,13.0
IES_Cervantes,F,20.0,Urbana,GT3,Juntos,2,4,sanidad,hogar,otro,madre,2,2.0,0,no,no,si,si,si,si,si,no,4.0,3,3,3.0,4,0.0,13.0,13.0,13.0
IES_Lorca,M,15.0,Rural,GT3,Separados,1,2,profesora,profesor,cerca_casa,otro,2,3.0,0,no,si,no,si,si,si,si,no,5.0,3,4,2.0,3,2.0,14.0,14.0,12.0
IES_Cervantes,F,18.0,Urbana,LE3,Juntos,1,4,servicios,hogar,cerca_casa,otro,1,2.0,0,no,no,no,no,no,si,si,si,3.0,4,3,3.0,4,0.0,12.0,11.0,11.0
IES_Cervantes,M,21.0,Urbana,GT3,Juntos,4,3,servicios,sanidad,otro,otro,2,4.0,0,no,si,no,no,no,si,si,no,4.0,3,2,1.0,3,,16.0,15.0,15.0
IES_Cervantes,M,17.0,Rural,LE3,Juntos,2,1,otro,sanidad,reputacion,padre,2,1.0,1,no,si,no,si,si,si,no,no,5.0,4,3,,3,1.0,10.0,10.0,10.0
IES_Cervantes,f,22.0,Rural,GT3,Juntos,3,1,otro,sanidad,cursos,otro,2,3.0,0,SI,si,no,no,no,si,no,no,4.0,2,3,3.0,5,0.0,,10.0,9.0
IES_Lorca,F,21.0,Rural,GT3,Juntos,1,3,servicios,servicios,reputacion,padre,1,2.0,0,no,si,si,si,si,si,si,no,5.0,4,5,3.0,3,5.0,12.0,12.0,13.0
IES_Cervantes,F,18.0,Urbana,GT3,Juntos,3,2,sanidad,hogar,cerca_casa,padre,4,2.0,0,si,no,no,no,si,si,si,no,4.0,5,3,3.0,5,,12.0,12.0,12.0
IES_Lorca,M,20.0,Rural,GT3,Juntos,3,1,otro,hogar,cursos,padre,2,3.0,0,si,no,si,si,si,si,si,no,4.0,3,3,1.0,1,1.0,13.0,13.0,13.0
IES_Lorca,F,20.0,Urbana,LE3,Juntos,3,0,servicios,profesor,otro,madre,2,3.0,0,no,no,si,no,no,si,no,no,1.0,2,2,4.0,4,4.0,,11.0,11.0
IES_Cervantes,M,20.0,Urbana,GT3,Juntos,4,3,profesora,profesor,cerca_casa,madre,3,1.0,0,no,no,no,no,si,si,si,no,3.0,4,4,4.0,5,11.0,8.0,8.0,8.0
IES_Cervantes,F,16.0,Urbana,GT3,Juntos,4,4,otro,sanidad,otro,padre,1,2.0,0,no,si,no,si,si,no,si,si,4.0,1,3,2.0,3,0.0,15.0,15.0,13.0
IES_Lorca,F,18.0,Rural,LE3,Juntos,4,3,hogar,profesor,cursos,padre,2,1.0,0,no,si,si,no,si,si,no,si,4.0,1,5,3.0,4,,12.0,12.0,12.0
IES_Lorca,F,21.0,Urbana,GT3,Juntos,3,2,otro,hogar,cursos,madre,1,4.0,0,no,si,no,no,si,si,si,si,2.0,3,3,1.0,5,7.0,10.0,11.0,11.0
IES_Lorca,M,20.0,Urbana,GT3,Juntos,3,4,profesora,otro,cursos,madre,1,2.0,1,no,no,no,si,si,si,si,si,5.0,4,3,1.0,5,1.0,13.0,,0.0
IES_Cervantes,m,18.0,Urbana,GT3,Juntos,4,1,otro,servicios,cerca_casa,madre,1,4.0,0,no,no,si,no,si,si,si,no,4.0,4,3,2.0,4,5.0,14.0,13.0,13.0
IES_Cervantes,F,18.0,Rural,LE3,Separados,3,2,hogar,hogar,reputacion,padre,3,3.0,0,no,si,si,no,no,si,si,no,5.0,3,4,1.0,5,2.0,14.0,15.0,15.0
IES_Cervantes,F,20.0,Rural,GT3,Juntos,2,1,sanidad,sanidad,reputacion,padre,2,3.0,1,no,si,no,no,no,si,si,si,4.0,3,4,1.0,4,8.0,8.0,9.0,10.0
IES_Cervantes,M,19.0,Urbana,GT3,Juntos,2,2,servicios,otro,otro,otro,2,,0,no,si,si,no,no,si,si,no,4.0,5,1,3.0,4,4.0,13.0,14.0,13.0
IES_Cervantes,M,20.0,Urbana,LE3,Juntos,2,0,servicios,servicios,otro,madre,1,4.0,0,no,si,si,si,si,si,si,si,4.0,3,3,2.0,3,0.0,11.0,11.0,11.0
IES_Cervantes,M,18.0,Urbana,GT3,Juntos,1,4,servicios,otro,reputacion,madre,1,1.0,0,no,si,no,no,si,si,no,no,4.0,4,2,2.0,3,1.0,11.0,11.0,10.0
IES_Cervantes,M,17.0,Urbana,GT3,Juntos,4,3,sanidad,profesor,reputacion,padre,3,2.0,0,no,si,si,no,si,si,si,si,5.0,1,5,1.0,2,1.0,16.0,16.0,15.0
IES_Cervantes,F,19.0,Urbana,GT3,Juntos,3,3,servicios,servicios,cursos,padre,1,4.0,0,no,no,no,si,si,si,si,no,4.0,3,3,1.0,1,4.0,14.0,12.0,10.0
IES_Cervantes,F,18.0,Urbana,GT3,Juntos,3,4,sanidad,otro,cursos,madre,1,3.0,0,no,si,no,no,si,si,si,no,3.0,2,2,3.0,4,2.0,11.0,10.0,9.0
IES_Lorca,F,17.0,Urbana,GT3,Juntos,1,4,profesora,servicios,cerca_casa,padre,2,,0,no,no,no,si,no,si,si,no,5.0,3,4,1.0,4,0.0,15.0,15.0,0.0
IES_Lorca,F,18.0,Urbana,GT3,Juntos,4,1,profesora,otro,reputacion,madre,3,4.0,0,no,si,si,si,si,si,no,no,5.0,4,2,1.0,5,2.0,14.0,12.0,10.0
IES_Cervantes,F,18.0,Urbana,GT3,Juntos,3,2,profesora,sanidad,otro,padre,3,3.0,0,no,si,si,si,si,si,si,no,4.0,3,2,1.0,4,6.0,12.0,13.0,12.0
IES_Cervantes,f,19.0,Urbana,GT3,Juntos,3,3,hogar,sanidad,cursos,padre,3,2.0,0,no,si,no,no,si,no,si,si,5.0,2,4,3.0,2,1.0,11.0,10.0,10.0
IES_Cervantes,F,18.0,Urbana,LE3,Juntos,3,2,servicios,otro,cerca_casa,madre,2,1.0,2,no,si,no,si,si,no,si,no,2.0,4,4,1.0,3,6.0,4.0,4.0,5.0
IES_Lorca,M,22.0,Urbana,GT3,Separados,0,4,otro,hogar,reputacion,padre,1,1.0,0,no,no,si,no,si,si,si,no,4.0,3,5,1.0,2,3.0,13.0,11.0,11.0
IES_Cervantes,M,16.0,Rural,GT3,Juntos,0,4,hogar,otro,cursos,otro,1,4.0,0,no, si ,si,si,si,si,si,si,4.0,3,5,1.0,3,4.0,12.0,,0.0
IES_Cervantes,M,21.0,Urbana,LE3,Juntos,2,3,sanidad,servicios,otro,otro,2,2.0,2,no,si,no,si,si,si,si,si,3.0,4,3,3.0,5,1.0,,,7.0
